location_id,location_kind,line_code,bound,supply_capacity
SEC:LSX:J1A_J1B:EB,tunnel sector,LSX,EB,1
SEC:LSX:J1A_J1B:WB,tunnel sector,LSX,WB,1
SEC:LSX:J1B_N1C:EB,tunnel sector,LSX,EB,1
SEC:LSX:J1B_N1C:WB,tunnel sector,LSX,WB,1
SEC:LSX:N1C_N1D:EB,tunnel sector,LSX,EB,1
SEC:LSX:N1C_N1D:WB,tunnel sector,LSX,WB,1
SEC:LSX:N1D_N1G1:EB,tunnel sector,LSX,EB,1
SEC:LSX:N1D_N1G1:WB,tunnel sector,LSX,WB,1
SEC:LSX:N1G1_N1G2:EB,tunnel sector,LSX,EB,1
SEC:LSX:N1G1_N1G2:WB,tunnel sector,LSX,WB,1
SEC:LSX:N1G2_N1G3:EB,tunnel sector,LSX,EB,1
SEC:LSX:N1G2_N1G3:WB,tunnel sector,LSX,WB,1
SEC:LSX:N1G3_J2A:EB,tunnel sector,LSX,EB,1
SEC:LSX:N1G3_J2A:WB,tunnel sector,LSX,WB,1
SEC:LSX:J2A_J2B:EB,tunnel sector,LSX,EB,1
SEC:LSX:J2A_J2B:WB,tunnel sector,LSX,WB,1
SEC:LSX:J2B_N2C:EB,tunnel sector,LSX,EB,1
SEC:LSX:J2B_N2C:WB,tunnel sector,LSX,WB,1
SEC:LSX:N2C_N2D:EB,tunnel sector,LSX,EB,1
SEC:LSX:N2C_N2D:WB,tunnel sector,LSX,WB,1
SEC:LSX:N2D_N2G1:EB,tunnel sector,LSX,EB,1
SEC:LSX:N2D_N2G1:WB,tunnel sector,LSX,WB,1
SEC:LSX:N2G1_N2G2:EB,tunnel sector,LSX,EB,1
SEC:LSX:N2G1_N2G2:WB,tunnel sector,LSX,WB,1
SEC:LSX:N2G2_N2G3:EB,tunnel sector,LSX,EB,1
SEC:LSX:N2G2_N2G3:WB,tunnel sector,LSX,WB,1
SEC:LSX:N2G3_J3A:EB,tunnel sector,LSX,EB,1
SEC:LSX:N2G3_J3A:WB,tunnel sector,LSX,WB,1
SEC:LSX:J3A_J3B:EB,tunnel sector,LSX,EB,1
SEC:LSX:J3A_J3B:WB,tunnel sector,LSX,WB,1
SEC:LSX:J3B_N3C:EB,tunnel sector,LSX,EB,1
SEC:LSX:J3B_N3C:WB,tunnel sector,LSX,WB,1
SEC:LSX:N3C_N3D:EB,tunnel sector,LSX,EB,1
SEC:LSX:N3C_N3D:WB,tunnel sector,LSX,WB,1
SEC:LSX:N3D_N3G1:EB,tunnel sector,LSX,EB,1
SEC:LSX:N3D_N3G1:WB,tunnel sector,LSX,WB,1
SEC:LSX:N3G1_N3G2:EB,tunnel sector,LSX,EB,1
SEC:LSX:N3G1_N3G2:WB,tunnel sector,LSX,WB,1
SEC:LSX:N3G2_N3G3:EB,tunnel sector,LSX,EB,1
SEC:LSX:N3G2_N3G3:WB,tunnel sector,LSX,WB,1
SEC:LSX:N3G3_J4A:EB,tunnel sector,LSX,EB,1
SEC:LSX:N3G3_J4A:WB,tunnel sector,LSX,WB,1
SEC:LSX:J4A_J4B:EB,tunnel sector,LSX,EB,1
SEC:LSX:J4A_J4B:WB,tunnel sector,LSX,WB,1
SEC:LSX:J4B_N4C:EB,tunnel sector,LSX,EB,1
SEC:LSX:J4B_N4C:WB,tunnel sector,LSX,WB,1
SEC:LSX:N4C_N4D:EB,tunnel sector,LSX,EB,1
SEC:LSX:N4C_N4D:WB,tunnel sector,LSX,WB,1
SEC:LSX:N4D_N4G1:EB,tunnel sector,LSX,EB,1
SEC:LSX:N4D_N4G1:WB,tunnel sector,LSX,WB,1
SEC:LSX:N4G1_N4G2:EB,tunnel sector,LSX,EB,1
SEC:LSX:N4G1_N4G2:WB,tunnel sector,LSX,WB,1
SEC:LSX:N4G2_N4G3:EB,tunnel sector,LSX,EB,1
SEC:LSX:N4G2_N4G3:WB,tunnel sector,LSX,WB,1
SEC:LSX:N4G3_J5A:EB,tunnel sector,LSX,EB,1
SEC:LSX:N4G3_J5A:WB,tunnel sector,LSX,WB,1
SEC:LSX:J5A_J5B:EB,tunnel sector,LSX,EB,1
SEC:LSX:J5A_J5B:WB,tunnel sector,LSX,WB,1
SEC:LSX:J5B_N5C:EB,tunnel sector,LSX,EB,1
SEC:LSX:J5B_N5C:WB,tunnel sector,LSX,WB,1
SEC:LSX:N5C_N5D:EB,tunnel sector,LSX,EB,1
SEC:LSX:N5C_N5D:WB,tunnel sector,LSX,WB,1
SEC:LSX:N5D_N5G1:EB,tunnel sector,LSX,EB,1
SEC:LSX:N5D_N5G1:WB,tunnel sector,LSX,WB,1
SEC:LSX:N5G1_N5G2:EB,tunnel sector,LSX,EB,1
SEC:LSX:N5G1_N5G2:WB,tunnel sector,LSX,WB,1
SEC:LSX:N5G2_N5G3:EB,tunnel sector,LSX,EB,1
SEC:LSX:N5G2_N5G3:WB,tunnel sector,LSX,WB,1
SEC:LSX:N5G3_J6A:EB,tunnel sector,LSX,EB,1
SEC:LSX:N5G3_J6A:WB,tunnel sector,LSX,WB,1
SEC:LSX:J6A_J6B:EB,tunnel sector,LSX,EB,1
SEC:LSX:J6A_J6B:WB,tunnel sector,LSX,WB,1
SEC:LSX:J6B_N6C:EB,tunnel sector,LSX,EB,1
SEC:LSX:J6B_N6C:WB,tunnel sector,LSX,WB,1
SEC:LSX:N6C_N6D:EB,tunnel sector,LSX,EB,1
SEC:LSX:N6C_N6D:WB,tunnel sector,LSX,WB,1
SEC:LSX:N6D_N6G1:EB,tunnel sector,LSX,EB,1
SEC:LSX:N6D_N6G1:WB,tunnel sector,LSX,WB,1
SEC:LSX:N6G1_N6G2:EB,tunnel sector,LSX,EB,1
SEC:LSX:N6G1_N6G2:WB,tunnel sector,LSX,WB,1
SEC:LSX:N6G2_N6G3:EB,tunnel sector,LSX,EB,1
SEC:LSX:N6G2_N6G3:WB,tunnel sector,LSX,WB,1
SEC:LSX:N6G3_J7A:EB,tunnel sector,LSX,EB,1
SEC:LSX:N6G3_J7A:WB,tunnel sector,LSX,WB,1
SEC:LSX:J7A_J7B:EB,tunnel sector,LSX,EB,1
SEC:LSX:J7A_J7B:WB,tunnel sector,LSX,WB,1
SEC:LSX:J7B_N7C:EB,tunnel sector,LSX,EB,1
SEC:LSX:J7B_N7C:WB,tunnel sector,LSX,WB,1
SEC:LSX:N7C_N7D:EB,tunnel sector,LSX,EB,1
SEC:LSX:N7C_N7D:WB,tunnel sector,LSX,WB,1
SEC:LSX:N7D_N7G1:EB,tunnel sector,LSX,EB,1
SEC:LSX:N7D_N7G1:WB,tunnel sector,LSX,WB,1
SEC:LSX:N7G1_N7G2:EB,tunnel sector,LSX,EB,1
SEC:LSX:N7G1_N7G2:WB,tunnel sector,LSX,WB,1
SEC:LSX:N7G2_N7G3:EB,tunnel sector,LSX,EB,1
SEC:LSX:N7G2_N7G3:WB,tunnel sector,LSX,WB,1
SEC:LSX:N7G3_J8A:EB,tunnel sector,LSX,EB,1
SEC:LSX:N7G3_J8A:WB,tunnel sector,LSX,WB,1
SEC:LSX:J8A_J8B:EB,tunnel sector,LSX,EB,1
SEC:LSX:J8A_J8B:WB,tunnel sector,LSX,WB,1
SEC:LSX:J8B_N8C:EB,tunnel sector,LSX,EB,1
SEC:LSX:J8B_N8C:WB,tunnel sector,LSX,WB,1
SEC:LSX:N8C_N8D:EB,tunnel sector,LSX,EB,1
SEC:LSX:N8C_N8D:WB,tunnel sector,LSX,WB,1
SEC:LSX:N8D_N8G1:EB,tunnel sector,LSX,EB,1
SEC:LSX:N8D_N8G1:WB,tunnel sector,LSX,WB,1
SEC:LSX:N8G1_N8G2:EB,tunnel sector,LSX,EB,1
SEC:LSX:N8G1_N8G2:WB,tunnel sector,LSX,WB,1
SEC:LSX:N8G2_N8G3:EB,tunnel sector,LSX,EB,1
SEC:LSX:N8G2_N8G3:WB,tunnel sector,LSX,WB,1
SEC:LSX:N8G3_J9A:EB,tunnel sector,LSX,EB,1
SEC:LSX:N8G3_J9A:WB,tunnel sector,LSX,WB,1
SEC:LSX:J9A_J9B:EB,tunnel sector,LSX,EB,1
SEC:LSX:J9A_J9B:WB,tunnel sector,LSX,WB,1
SEC:LSX:J9B_N9C:EB,tunnel sector,LSX,EB,1
SEC:LSX:J9B_N9C:WB,tunnel sector,LSX,WB,1
SEC:LSX:N9C_N9D:EB,tunnel sector,LSX,EB,1
SEC:LSX:N9C_N9D:WB,tunnel sector,LSX,WB,1
SEC:LSX:N9D_N9G1:EB,tunnel sector,LSX,EB,1
SEC:LSX:N9D_N9G1:WB,tunnel sector,LSX,WB,1
SEC:LSX:N9G1_N9G2:EB,tunnel sector,LSX,EB,1
SEC:LSX:N9G1_N9G2:WB,tunnel sector,LSX,WB,1
SEC:LSX:N9G2_N9G3:EB,tunnel sector,LSX,EB,1
SEC:LSX:N9G2_N9G3:WB,tunnel sector,LSX,WB,1
SEC:LSX:N9G3_J10A:EB,tunnel sector,LSX,EB,1
SEC:LSX:N9G3_J10A:WB,tunnel sector,LSX,WB,1
SEC:LSX:J10A_J10B:EB,tunnel sector,LSX,EB,1
SEC:LSX:J10A_J10B:WB,tunnel sector,LSX,WB,1
SEC:LSX:J10B_N10C:EB,tunnel sector,LSX,EB,1
SEC:LSX:J10B_N10C:WB,tunnel sector,LSX,WB,1
SEC:LSX:N10C_N10D:EB,tunnel sector,LSX,EB,1
SEC:LSX:N10C_N10D:WB,tunnel sector,LSX,WB,1
SEC:LSX:N10D_N10G1:EB,tunnel sector,LSX,EB,1
SEC:LSX:N10D_N10G1:WB,tunnel sector,LSX,WB,1
SEC:LSX:N10G1_N10G2:EB,tunnel sector,LSX,EB,1
SEC:LSX:N10G1_N10G2:WB,tunnel sector,LSX,WB,1
SEC:LSX:N10G2_N10G3:EB,tunnel sector,LSX,EB,1
SEC:LSX:N10G2_N10G3:WB,tunnel sector,LSX,WB,1
SEC:LSX:N10G3_J11A:EB,tunnel sector,LSX,EB,1
SEC:LSX:N10G3_J11A:WB,tunnel sector,LSX,WB,1
SEC:LSX:J11A_J11B:EB,tunnel sector,LSX,EB,1
SEC:LSX:J11A_J11B:WB,tunnel sector,LSX,WB,1
SEC:LSX:J11B_N11C:EB,tunnel sector,LSX,EB,1
SEC:LSX:J11B_N11C:WB,tunnel sector,LSX,WB,1
SEC:LSX:N11C_N11D:EB,tunnel sector,LSX,EB,1
SEC:LSX:N11C_N11D:WB,tunnel sector,LSX,WB,1
SEC:LSX:N11D_N11G1:EB,tunnel sector,LSX,EB,1
SEC:LSX:N11D_N11G1:WB,tunnel sector,LSX,WB,1
SEC:LSX:N11G1_N11G2:EB,tunnel sector,LSX,EB,1
SEC:LSX:N11G1_N11G2:WB,tunnel sector,LSX,WB,1
SEC:LSX:N11G2_N11G3:EB,tunnel sector,LSX,EB,1
SEC:LSX:N11G2_N11G3:WB,tunnel sector,LSX,WB,1
SEC:LSX:N11G3_J12A:EB,tunnel sector,LSX,EB,1
SEC:LSX:N11G3_J12A:WB,tunnel sector,LSX,WB,1
SEC:LSX:J12A_J12B:EB,tunnel sector,LSX,EB,1
SEC:LSX:J12A_J12B:WB,tunnel sector,LSX,WB,1
SEC:LSX:J12B_N12C:EB,tunnel sector,LSX,EB,1
SEC:LSX:J12B_N12C:WB,tunnel sector,LSX,WB,1
SEC:LSX:N12C_N12D:EB,tunnel sector,LSX,EB,1
SEC:LSX:N12C_N12D:WB,tunnel sector,LSX,WB,1
SEC:LSX:N12D_N12G1:EB,tunnel sector,LSX,EB,1
SEC:LSX:N12D_N12G1:WB,tunnel sector,LSX,WB,1
SEC:LSX:N12G1_N12G2:EB,tunnel sector,LSX,EB,1
SEC:LSX:N12G1_N12G2:WB,tunnel sector,LSX,WB,1
SEC:LSX:N12G2_N12G3:EB,tunnel sector,LSX,EB,1
SEC:LSX:N12G2_N12G3:WB,tunnel sector,LSX,WB,1
SEC:LSX:N12G3_J13A:EB,tunnel sector,LSX,EB,1
SEC:LSX:N12G3_J13A:WB,tunnel sector,LSX,WB,1
SEC:LSX:J13A_J13B:EB,tunnel sector,LSX,EB,1
SEC:LSX:J13A_J13B:WB,tunnel sector,LSX,WB,1
SEC:LSX:J13B_N13C:EB,tunnel sector,LSX,EB,1
SEC:LSX:J13B_N13C:WB,tunnel sector,LSX,WB,1
SEC:LSX:N13C_N13D:EB,tunnel sector,LSX,EB,1
SEC:LSX:N13C_N13D:WB,tunnel sector,LSX,WB,1
SEC:LSX:N13D_N13G1:EB,tunnel sector,LSX,EB,1
SEC:LSX:N13D_N13G1:WB,tunnel sector,LSX,WB,1
SEC:LSX:N13G1_N13G2:EB,tunnel sector,LSX,EB,1
SEC:LSX:N13G1_N13G2:WB,tunnel sector,LSX,WB,1
SEC:LSX:N13G2_N13G3:EB,tunnel sector,LSX,EB,1
SEC:LSX:N13G2_N13G3:WB,tunnel sector,LSX,WB,1
SEC:LSX:N13G3_J14A:EB,tunnel sector,LSX,EB,1
SEC:LSX:N13G3_J14A:WB,tunnel sector,LSX,WB,1
SEC:LSX:J14A_J14B:EB,tunnel sector,LSX,EB,1
SEC:LSX:J14A_J14B:WB,tunnel sector,LSX,WB,1
SEC:LSX:J14B_N14C:EB,tunnel sector,LSX,EB,1
SEC:LSX:J14B_N14C:WB,tunnel sector,LSX,WB,1
SEC:LSX:N14C_N14D:EB,tunnel sector,LSX,EB,1
SEC:LSX:N14C_N14D:WB,tunnel sector,LSX,WB,1
SEC:LSX:N14D_N14G1:EB,tunnel sector,LSX,EB,1
SEC:LSX:N14D_N14G1:WB,tunnel sector,LSX,WB,1
SEC:LSX:N14G1_N14G2:EB,tunnel sector,LSX,EB,1
SEC:LSX:N14G1_N14G2:WB,tunnel sector,LSX,WB,1
SEC:LSX:N14G2_N14G3:EB,tunnel sector,LSX,EB,1
SEC:LSX:N14G2_N14G3:WB,tunnel sector,LSX,WB,1
SEC:LSX:N14G3_J15A:EB,tunnel sector,LSX,EB,1
SEC:LSX:N14G3_J15A:WB,tunnel sector,LSX,WB,1
SEC:LSX:J15A_J15B:EB,tunnel sector,LSX,EB,1
SEC:LSX:J15A_J15B:WB,tunnel sector,LSX,WB,1
SEC:LSX:J15B_N15C:EB,tunnel sector,LSX,EB,1
SEC:LSX:J15B_N15C:WB,tunnel sector,LSX,WB,1
SEC:LSX:N15C_N15D:EB,tunnel sector,LSX,EB,1
SEC:LSX:N15C_N15D:WB,tunnel sector,LSX,WB,1
SEC:LSX:N15D_N15G1:EB,tunnel sector,LSX,EB,1
SEC:LSX:N15D_N15G1:WB,tunnel sector,LSX,WB,1
SEC:LSX:N15G1_N15G2:EB,tunnel sector,LSX,EB,1
SEC:LSX:N15G1_N15G2:WB,tunnel sector,LSX,WB,1
SEC:LSX:N15G2_N15G3:EB,tunnel sector,LSX,EB,1
SEC:LSX:N15G2_N15G3:WB,tunnel sector,LSX,WB,1
SEC:LSX:N15G3_J16A:EB,tunnel sector,LSX,EB,1
SEC:LSX:N15G3_J16A:WB,tunnel sector,LSX,WB,1
SEC:LSX:J16A_J16B:EB,tunnel sector,LSX,EB,1
SEC:LSX:J16A_J16B:WB,tunnel sector,LSX,WB,1
SEC:LSX:J16B_N16C:EB,tunnel sector,LSX,EB,1
SEC:LSX:J16B_N16C:WB,tunnel sector,LSX,WB,1
SEC:LSX:N16C_N16D:EB,tunnel sector,LSX,EB,1
SEC:LSX:N16C_N16D:WB,tunnel sector,LSX,WB,1
SEC:LSX:N16D_N16G1:EB,tunnel sector,LSX,EB,1
SEC:LSX:N16D_N16G1:WB,tunnel sector,LSX,WB,1
SEC:LSX:N16G1_N16G2:EB,tunnel sector,LSX,EB,1
SEC:LSX:N16G1_N16G2:WB,tunnel sector,LSX,WB,1
SEC:LSX:N16G2_N16G3:EB,tunnel sector,LSX,EB,1
SEC:LSX:N16G2_N16G3:WB,tunnel sector,LSX,WB,1
SEC:LSX:N16G3_J17A:EB,tunnel sector,LSX,EB,1
SEC:LSX:N16G3_J17A:WB,tunnel sector,LSX,WB,1
SEC:LSX:J17A_J17B:EB,tunnel sector,LSX,EB,1
SEC:LSX:J17A_J17B:WB,tunnel sector,LSX,WB,1
SEC:LSX:J17B_N17C:EB,tunnel sector,LSX,EB,1
SEC:LSX:J17B_N17C:WB,tunnel sector,LSX,WB,1
SEC:LSX:N17C_N17D:EB,tunnel sector,LSX,EB,1
SEC:LSX:N17C_N17D:WB,tunnel sector,LSX,WB,1
SEC:LSX:N17D_N17G1:EB,tunnel sector,LSX,EB,1
SEC:LSX:N17D_N17G1:WB,tunnel sector,LSX,WB,1
SEC:LSX:N17G1_N17G2:EB,tunnel sector,LSX,EB,1
SEC:LSX:N17G1_N17G2:WB,tunnel sector,LSX,WB,1
SEC:LSX:N17G2_N17G3:EB,tunnel sector,LSX,EB,1
SEC:LSX:N17G2_N17G3:WB,tunnel sector,LSX,WB,1
SEC:LSX:N17G3_J18A:EB,tunnel sector,LSX,EB,1
SEC:LSX:N17G3_J18A:WB,tunnel sector,LSX,WB,1
SEC:LSX:J18A_J18B:EB,tunnel sector,LSX,EB,1
SEC:LSX:J18A_J18B:WB,tunnel sector,LSX,WB,1
SEC:LSX:J18B_N18C:EB,tunnel sector,LSX,EB,1
SEC:LSX:J18B_N18C:WB,tunnel sector,LSX,WB,1
SEC:LSX:N18C_N18D:EB,tunnel sector,LSX,EB,1
SEC:LSX:N18C_N18D:WB,tunnel sector,LSX,WB,1
SEC:LSX:N18D_N18G1:EB,tunnel sector,LSX,EB,1
SEC:LSX:N18D_N18G1:WB,tunnel sector,LSX,WB,1
SEC:LSX:N18G1_N18G2:EB,tunnel sector,LSX,EB,1
SEC:LSX:N18G1_N18G2:WB,tunnel sector,LSX,WB,1
SEC:LSX:N18G2_N18G3:EB,tunnel sector,LSX,EB,1
SEC:LSX:N18G2_N18G3:WB,tunnel sector,LSX,WB,1
SEC:LSX:N18G3_J19A:EB,tunnel sector,LSX,EB,1
SEC:LSX:N18G3_J19A:WB,tunnel sector,LSX,WB,1
SEC:LSX:J19A_J19B:EB,tunnel sector,LSX,EB,1
SEC:LSX:J19A_J19B:WB,tunnel sector,LSX,WB,1
SEC:LSX:J19B_N19C:EB,tunnel sector,LSX,EB,1
SEC:LSX:J19B_N19C:WB,tunnel sector,LSX,WB,1
SEC:LSX:N19C_N19D:EB,tunnel sector,LSX,EB,1
SEC:LSX:N19C_N19D:WB,tunnel sector,LSX,WB,1
SEC:LSX:N19D_N19G1:EB,tunnel sector,LSX,EB,1
SEC:LSX:N19D_N19G1:WB,tunnel sector,LSX,WB,1
SEC:LSX:N19G1_N19G2:EB,tunnel sector,LSX,EB,1
SEC:LSX:N19G1_N19G2:WB,tunnel sector,LSX,WB,1
SEC:LSX:N19G2_N19G3:EB,tunnel sector,LSX,EB,1
SEC:LSX:N19G2_N19G3:WB,tunnel sector,LSX,WB,1
SEC:LSX:N19G3_J20A:EB,tunnel sector,LSX,EB,1
SEC:LSX:N19G3_J20A:WB,tunnel sector,LSX,WB,1
SEC:LSX:J20A_J20B:EB,tunnel sector,LSX,EB,1
SEC:LSX:J20A_J20B:WB,tunnel sector,LSX,WB,1
SEC:LSX:J20B_N20C:EB,tunnel sector,LSX,EB,1
SEC:LSX:J20B_N20C:WB,tunnel sector,LSX,WB,1
SEC:LSX:N20C_N20D:EB,tunnel sector,LSX,EB,1
SEC:LSX:N20C_N20D:WB,tunnel sector,LSX,WB,1
SEC:LSX:N20D_N20G1:EB,tunnel sector,LSX,EB,1
SEC:LSX:N20D_N20G1:WB,tunnel sector,LSX,WB,1
SEC:LSX:N20G1_N20G2:EB,tunnel sector,LSX,EB,1
SEC:LSX:N20G1_N20G2:WB,tunnel sector,LSX,WB,1
SEC:LSX:N20G2_N20G3:EB,tunnel sector,LSX,EB,1
SEC:LSX:N20G2_N20G3:WB,tunnel sector,LSX,WB,1
SEC:LSY:J1A_J1B:EB,tunnel sector,LSY,EB,1
SEC:LSY:J1A_J1B:WB,tunnel sector,LSY,WB,1
SEC:LSY:J1B_S1C:EB,tunnel sector,LSY,EB,1
SEC:LSY:J1B_S1C:WB,tunnel sector,LSY,WB,1
SEC:LSY:S1C_S1D:EB,tunnel sector,LSY,EB,1
SEC:LSY:S1C_S1D:WB,tunnel sector,LSY,WB,1
SEC:LSY:S1D_S1G1:EB,tunnel sector,LSY,EB,1
SEC:LSY:S1D_S1G1:WB,tunnel sector,LSY,WB,1
SEC:LSY:S1G1_S1G2:EB,tunnel sector,LSY,EB,1
SEC:LSY:S1G1_S1G2:WB,tunnel sector,LSY,WB,1
SEC:LSY:S1G2_S1G3:EB,tunnel sector,LSY,EB,1
SEC:LSY:S1G2_S1G3:WB,tunnel sector,LSY,WB,1
SEC:LSY:S1G3_J2A:EB,tunnel sector,LSY,EB,1
SEC:LSY:S1G3_J2A:WB,tunnel sector,LSY,WB,1
SEC:LSY:J2A_J2B:EB,tunnel sector,LSY,EB,1
SEC:LSY:J2A_J2B:WB,tunnel sector,LSY,WB,1
SEC:LSY:J2B_S2C:EB,tunnel sector,LSY,EB,1
SEC:LSY:J2B_S2C:WB,tunnel sector,LSY,WB,1
SEC:LSY:S2C_S2D:EB,tunnel sector,LSY,EB,1
SEC:LSY:S2C_S2D:WB,tunnel sector,LSY,WB,1
SEC:LSY:S2D_S2G1:EB,tunnel sector,LSY,EB,1
SEC:LSY:S2D_S2G1:WB,tunnel sector,LSY,WB,1
SEC:LSY:S2G1_S2G2:EB,tunnel sector,LSY,EB,1
SEC:LSY:S2G1_S2G2:WB,tunnel sector,LSY,WB,1
SEC:LSY:S2G2_S2G3:EB,tunnel sector,LSY,EB,1
SEC:LSY:S2G2_S2G3:WB,tunnel sector,LSY,WB,1
SEC:LSY:S2G3_J3A:EB,tunnel sector,LSY,EB,1
SEC:LSY:S2G3_J3A:WB,tunnel sector,LSY,WB,1
SEC:LSY:J3A_J3B:EB,tunnel sector,LSY,EB,1
SEC:LSY:J3A_J3B:WB,tunnel sector,LSY,WB,1
SEC:LSY:J3B_S3C:EB,tunnel sector,LSY,EB,1
SEC:LSY:J3B_S3C:WB,tunnel sector,LSY,WB,1
SEC:LSY:S3C_S3D:EB,tunnel sector,LSY,EB,1
SEC:LSY:S3C_S3D:WB,tunnel sector,LSY,WB,1
SEC:LSY:S3D_S3G1:EB,tunnel sector,LSY,EB,1
SEC:LSY:S3D_S3G1:WB,tunnel sector,LSY,WB,1
SEC:LSY:S3G1_S3G2:EB,tunnel sector,LSY,EB,1
SEC:LSY:S3G1_S3G2:WB,tunnel sector,LSY,WB,1
SEC:LSY:S3G2_S3G3:EB,tunnel sector,LSY,EB,1
SEC:LSY:S3G2_S3G3:WB,tunnel sector,LSY,WB,1
SEC:LSY:S3G3_J4A:EB,tunnel sector,LSY,EB,1
SEC:LSY:S3G3_J4A:WB,tunnel sector,LSY,WB,1
SEC:LSY:J4A_J4B:EB,tunnel sector,LSY,EB,1
SEC:LSY:J4A_J4B:WB,tunnel sector,LSY,WB,1
SEC:LSY:J4B_S4C:EB,tunnel sector,LSY,EB,1
SEC:LSY:J4B_S4C:WB,tunnel sector,LSY,WB,1
SEC:LSY:S4C_S4D:EB,tunnel sector,LSY,EB,1
SEC:LSY:S4C_S4D:WB,tunnel sector,LSY,WB,1
SEC:LSY:S4D_S4G1:EB,tunnel sector,LSY,EB,1
SEC:LSY:S4D_S4G1:WB,tunnel sector,LSY,WB,1
SEC:LSY:S4G1_S4G2:EB,tunnel sector,LSY,EB,1
SEC:LSY:S4G1_S4G2:WB,tunnel sector,LSY,WB,1
SEC:LSY:S4G2_S4G3:EB,tunnel sector,LSY,EB,1
SEC:LSY:S4G2_S4G3:WB,tunnel sector,LSY,WB,1
SEC:LSY:S4G3_J5A:EB,tunnel sector,LSY,EB,1
SEC:LSY:S4G3_J5A:WB,tunnel sector,LSY,WB,1
SEC:LSY:J5A_J5B:EB,tunnel sector,LSY,EB,1
SEC:LSY:J5A_J5B:WB,tunnel sector,LSY,WB,1
SEC:LSY:J5B_S5C:EB,tunnel sector,LSY,EB,1
SEC:LSY:J5B_S5C:WB,tunnel sector,LSY,WB,1
SEC:LSY:S5C_S5D:EB,tunnel sector,LSY,EB,1
SEC:LSY:S5C_S5D:WB,tunnel sector,LSY,WB,1
SEC:LSY:S5D_S5G1:EB,tunnel sector,LSY,EB,1
SEC:LSY:S5D_S5G1:WB,tunnel sector,LSY,WB,1
SEC:LSY:S5G1_S5G2:EB,tunnel sector,LSY,EB,1
SEC:LSY:S5G1_S5G2:WB,tunnel sector,LSY,WB,1
SEC:LSY:S5G2_S5G3:EB,tunnel sector,LSY,EB,1
SEC:LSY:S5G2_S5G3:WB,tunnel sector,LSY,WB,1
SEC:LSY:S5G3_J6A:EB,tunnel sector,LSY,EB,1
SEC:LSY:S5G3_J6A:WB,tunnel sector,LSY,WB,1
SEC:LSY:J6A_J6B:EB,tunnel sector,LSY,EB,1
SEC:LSY:J6A_J6B:WB,tunnel sector,LSY,WB,1
SEC:LSY:J6B_S6C:EB,tunnel sector,LSY,EB,1
SEC:LSY:J6B_S6C:WB,tunnel sector,LSY,WB,1
SEC:LSY:S6C_S6D:EB,tunnel sector,LSY,EB,1
SEC:LSY:S6C_S6D:WB,tunnel sector,LSY,WB,1
SEC:LSY:S6D_S6G1:EB,tunnel sector,LSY,EB,1
SEC:LSY:S6D_S6G1:WB,tunnel sector,LSY,WB,1
SEC:LSY:S6G1_S6G2:EB,tunnel sector,LSY,EB,1
SEC:LSY:S6G1_S6G2:WB,tunnel sector,LSY,WB,1
SEC:LSY:S6G2_S6G3:EB,tunnel sector,LSY,EB,1
SEC:LSY:S6G2_S6G3:WB,tunnel sector,LSY,WB,1
SEC:LSY:S6G3_J7A:EB,tunnel sector,LSY,EB,1
SEC:LSY:S6G3_J7A:WB,tunnel sector,LSY,WB,1
SEC:LSY:J7A_J7B:EB,tunnel sector,LSY,EB,1
SEC:LSY:J7A_J7B:WB,tunnel sector,LSY,WB,1
SEC:LSY:J7B_S7C:EB,tunnel sector,LSY,EB,1
SEC:LSY:J7B_S7C:WB,tunnel sector,LSY,WB,1
SEC:LSY:S7C_S7D:EB,tunnel sector,LSY,EB,1
SEC:LSY:S7C_S7D:WB,tunnel sector,LSY,WB,1
SEC:LSY:S7D_S7G1:EB,tunnel sector,LSY,EB,1
SEC:LSY:S7D_S7G1:WB,tunnel sector,LSY,WB,1
SEC:LSY:S7G1_S7G2:EB,tunnel sector,LSY,EB,1
SEC:LSY:S7G1_S7G2:WB,tunnel sector,LSY,WB,1
SEC:LSY:S7G2_S7G3:EB,tunnel sector,LSY,EB,1
SEC:LSY:S7G2_S7G3:WB,tunnel sector,LSY,WB,1
SEC:LSY:S7G3_J8A:EB,tunnel sector,LSY,EB,1
SEC:LSY:S7G3_J8A:WB,tunnel sector,LSY,WB,1
SEC:LSY:J8A_J8B:EB,tunnel sector,LSY,EB,1
SEC:LSY:J8A_J8B:WB,tunnel sector,LSY,WB,1
SEC:LSY:J8B_S8C:EB,tunnel sector,LSY,EB,1
SEC:LSY:J8B_S8C:WB,tunnel sector,LSY,WB,1
SEC:LSY:S8C_S8D:EB,tunnel sector,LSY,EB,1
SEC:LSY:S8C_S8D:WB,tunnel sector,LSY,WB,1
SEC:LSY:S8D_S8G1:EB,tunnel sector,LSY,EB,1
SEC:LSY:S8D_S8G1:WB,tunnel sector,LSY,WB,1
SEC:LSY:S8G1_S8G2:EB,tunnel sector,LSY,EB,1
SEC:LSY:S8G1_S8G2:WB,tunnel sector,LSY,WB,1
SEC:LSY:S8G2_S8G3:EB,tunnel sector,LSY,EB,1
SEC:LSY:S8G2_S8G3:WB,tunnel sector,LSY,WB,1
SEC:LSY:S8G3_J9A:EB,tunnel sector,LSY,EB,1
SEC:LSY:S8G3_J9A:WB,tunnel sector,LSY,WB,1
SEC:LSY:J9A_J9B:EB,tunnel sector,LSY,EB,1
SEC:LSY:J9A_J9B:WB,tunnel sector,LSY,WB,1
SEC:LSY:J9B_S9C:EB,tunnel sector,LSY,EB,1
SEC:LSY:J9B_S9C:WB,tunnel sector,LSY,WB,1
SEC:LSY:S9C_S9D:EB,tunnel sector,LSY,EB,1
SEC:LSY:S9C_S9D:WB,tunnel sector,LSY,WB,1
SEC:LSY:S9D_S9G1:EB,tunnel sector,LSY,EB,1
SEC:LSY:S9D_S9G1:WB,tunnel sector,LSY,WB,1
SEC:LSY:S9G1_S9G2:EB,tunnel sector,LSY,EB,1
SEC:LSY:S9G1_S9G2:WB,tunnel sector,LSY,WB,1
SEC:LSY:S9G2_S9G3:EB,tunnel sector,LSY,EB,1
SEC:LSY:S9G2_S9G3:WB,tunnel sector,LSY,WB,1
SEC:LSY:S9G3_J10A:EB,tunnel sector,LSY,EB,1
SEC:LSY:S9G3_J10A:WB,tunnel sector,LSY,WB,1
SEC:LSY:J10A_J10B:EB,tunnel sector,LSY,EB,1
SEC:LSY:J10A_J10B:WB,tunnel sector,LSY,WB,1
SEC:LSY:J10B_S10C:EB,tunnel sector,LSY,EB,1
SEC:LSY:J10B_S10C:WB,tunnel sector,LSY,WB,1
SEC:LSY:S10C_S10D:EB,tunnel sector,LSY,EB,1
SEC:LSY:S10C_S10D:WB,tunnel sector,LSY,WB,1
SEC:LSY:S10D_S10G1:EB,tunnel sector,LSY,EB,1
SEC:LSY:S10D_S10G1:WB,tunnel sector,LSY,WB,1
SEC:LSY:S10G1_S10G2:EB,tunnel sector,LSY,EB,1
SEC:LSY:S10G1_S10G2:WB,tunnel sector,LSY,WB,1
SEC:LSY:S10G2_S10G3:EB,tunnel sector,LSY,EB,1
SEC:LSY:S10G2_S10G3:WB,tunnel sector,LSY,WB,1
SEC:LSY:S10G3_J11A:EB,tunnel sector,LSY,EB,1
SEC:LSY:S10G3_J11A:WB,tunnel sector,LSY,WB,1
SEC:LSY:J11A_J11B:EB,tunnel sector,LSY,EB,1
SEC:LSY:J11A_J11B:WB,tunnel sector,LSY,WB,1
SEC:LSY:J11B_S11C:EB,tunnel sector,LSY,EB,1
SEC:LSY:J11B_S11C:WB,tunnel sector,LSY,WB,1
SEC:LSY:S11C_S11D:EB,tunnel sector,LSY,EB,1
SEC:LSY:S11C_S11D:WB,tunnel sector,LSY,WB,1
SEC:LSY:S11D_S11G1:EB,tunnel sector,LSY,EB,1
SEC:LSY:S11D_S11G1:WB,tunnel sector,LSY,WB,1
SEC:LSY:S11G1_S11G2:EB,tunnel sector,LSY,EB,1
SEC:LSY:S11G1_S11G2:WB,tunnel sector,LSY,WB,1
SEC:LSY:S11G2_S11G3:EB,tunnel sector,LSY,EB,1
SEC:LSY:S11G2_S11G3:WB,tunnel sector,LSY,WB,1
SEC:LSY:S11G3_J12A:EB,tunnel sector,LSY,EB,1
SEC:LSY:S11G3_J12A:WB,tunnel sector,LSY,WB,1
SEC:LSY:J12A_J12B:EB,tunnel sector,LSY,EB,1
SEC:LSY:J12A_J12B:WB,tunnel sector,LSY,WB,1
SEC:LSY:J12B_S12C:EB,tunnel sector,LSY,EB,1
SEC:LSY:J12B_S12C:WB,tunnel sector,LSY,WB,1
SEC:LSY:S12C_S12D:EB,tunnel sector,LSY,EB,1
SEC:LSY:S12C_S12D:WB,tunnel sector,LSY,WB,1
SEC:LSY:S12D_S12G1:EB,tunnel sector,LSY,EB,1
SEC:LSY:S12D_S12G1:WB,tunnel sector,LSY,WB,1
SEC:LSY:S12G1_S12G2:EB,tunnel sector,LSY,EB,1
SEC:LSY:S12G1_S12G2:WB,tunnel sector,LSY,WB,1
SEC:LSY:S12G2_S12G3:EB,tunnel sector,LSY,EB,1
SEC:LSY:S12G2_S12G3:WB,tunnel sector,LSY,WB,1
SEC:LSY:S12G3_J13A:EB,tunnel sector,LSY,EB,1
SEC:LSY:S12G3_J13A:WB,tunnel sector,LSY,WB,1
SEC:LSY:J13A_J13B:EB,tunnel sector,LSY,EB,1
SEC:LSY:J13A_J13B:WB,tunnel sector,LSY,WB,1
SEC:LSY:J13B_S13C:EB,tunnel sector,LSY,EB,1
SEC:LSY:J13B_S13C:WB,tunnel sector,LSY,WB,1
SEC:LSY:S13C_S13D:EB,tunnel sector,LSY,EB,1
SEC:LSY:S13C_S13D:WB,tunnel sector,LSY,WB,1
SEC:LSY:S13D_S13G1:EB,tunnel sector,LSY,EB,1
SEC:LSY:S13D_S13G1:WB,tunnel sector,LSY,WB,1
SEC:LSY:S13G1_S13G2:EB,tunnel sector,LSY,EB,1
SEC:LSY:S13G1_S13G2:WB,tunnel sector,LSY,WB,1
SEC:LSY:S13G2_S13G3:EB,tunnel sector,LSY,EB,1
SEC:LSY:S13G2_S13G3:WB,tunnel sector,LSY,WB,1
SEC:LSY:S13G3_J14A:EB,tunnel sector,LSY,EB,1
SEC:LSY:S13G3_J14A:WB,tunnel sector,LSY,WB,1
SEC:LSY:J14A_J14B:EB,tunnel sector,LSY,EB,1
SEC:LSY:J14A_J14B:WB,tunnel sector,LSY,WB,1
SEC:LSY:J14B_S14C:EB,tunnel sector,LSY,EB,1
SEC:LSY:J14B_S14C:WB,tunnel sector,LSY,WB,1
SEC:LSY:S14C_S14D:EB,tunnel sector,LSY,EB,1
SEC:LSY:S14C_S14D:WB,tunnel sector,LSY,WB,1
SEC:LSY:S14D_S14G1:EB,tunnel sector,LSY,EB,1
SEC:LSY:S14D_S14G1:WB,tunnel sector,LSY,WB,1
SEC:LSY:S14G1_S14G2:EB,tunnel sector,LSY,EB,1
SEC:LSY:S14G1_S14G2:WB,tunnel sector,LSY,WB,1
SEC:LSY:S14G2_S14G3:EB,tunnel sector,LSY,EB,1
SEC:LSY:S14G2_S14G3:WB,tunnel sector,LSY,WB,1
SEC:LSY:S14G3_J15A:EB,tunnel sector,LSY,EB,1
SEC:LSY:S14G3_J15A:WB,tunnel sector,LSY,WB,1
SEC:LSY:J15A_J15B:EB,tunnel sector,LSY,EB,1
SEC:LSY:J15A_J15B:WB,tunnel sector,LSY,WB,1
SEC:LSY:J15B_S15C:EB,tunnel sector,LSY,EB,1
SEC:LSY:J15B_S15C:WB,tunnel sector,LSY,WB,1
SEC:LSY:S15C_S15D:EB,tunnel sector,LSY,EB,1
SEC:LSY:S15C_S15D:WB,tunnel sector,LSY,WB,1
SEC:LSY:S15D_S15G1:EB,tunnel sector,LSY,EB,1
SEC:LSY:S15D_S15G1:WB,tunnel sector,LSY,WB,1
SEC:LSY:S15G1_S15G2:EB,tunnel sector,LSY,EB,1
SEC:LSY:S15G1_S15G2:WB,tunnel sector,LSY,WB,1
SEC:LSY:S15G2_S15G3:EB,tunnel sector,LSY,EB,1
SEC:LSY:S15G2_S15G3:WB,tunnel sector,LSY,WB,1
SEC:LSY:S15G3_J16A:EB,tunnel sector,LSY,EB,1
SEC:LSY:S15G3_J16A:WB,tunnel sector,LSY,WB,1
SEC:LSY:J16A_J16B:EB,tunnel sector,LSY,EB,1
SEC:LSY:J16A_J16B:WB,tunnel sector,LSY,WB,1
SEC:LSY:J16B_S16C:EB,tunnel sector,LSY,EB,1
SEC:LSY:J16B_S16C:WB,tunnel sector,LSY,WB,1
SEC:LSY:S16C_S16D:EB,tunnel sector,LSY,EB,1
SEC:LSY:S16C_S16D:WB,tunnel sector,LSY,WB,1
SEC:LSY:S16D_S16G1:EB,tunnel sector,LSY,EB,1
SEC:LSY:S16D_S16G1:WB,tunnel sector,LSY,WB,1
SEC:LSY:S16G1_S16G2:EB,tunnel sector,LSY,EB,1
SEC:LSY:S16G1_S16G2:WB,tunnel sector,LSY,WB,1
SEC:LSY:S16G2_S16G3:EB,tunnel sector,LSY,EB,1
SEC:LSY:S16G2_S16G3:WB,tunnel sector,LSY,WB,1
SEC:LSY:S16G3_J17A:EB,tunnel sector,LSY,EB,1
SEC:LSY:S16G3_J17A:WB,tunnel sector,LSY,WB,1
SEC:LSY:J17A_J17B:EB,tunnel sector,LSY,EB,1
SEC:LSY:J17A_J17B:WB,tunnel sector,LSY,WB,1
SEC:LSY:J17B_S17C:EB,tunnel sector,LSY,EB,1
SEC:LSY:J17B_S17C:WB,tunnel sector,LSY,WB,1
SEC:LSY:S17C_S17D:EB,tunnel sector,LSY,EB,1
SEC:LSY:S17C_S17D:WB,tunnel sector,LSY,WB,1
SEC:LSY:S17D_S17G1:EB,tunnel sector,LSY,EB,1
SEC:LSY:S17D_S17G1:WB,tunnel sector,LSY,WB,1
SEC:LSY:S17G1_S17G2:EB,tunnel sector,LSY,EB,1
SEC:LSY:S17G1_S17G2:WB,tunnel sector,LSY,WB,1
SEC:LSY:S17G2_S17G3:EB,tunnel sector,LSY,EB,1
SEC:LSY:S17G2_S17G3:WB,tunnel sector,LSY,WB,1
SEC:LSY:S17G3_J18A:EB,tunnel sector,LSY,EB,1
SEC:LSY:S17G3_J18A:WB,tunnel sector,LSY,WB,1
SEC:LSY:J18A_J18B:EB,tunnel sector,LSY,EB,1
SEC:LSY:J18A_J18B:WB,tunnel sector,LSY,WB,1
SEC:LSY:J18B_S18C:EB,tunnel sector,LSY,EB,1
SEC:LSY:J18B_S18C:WB,tunnel sector,LSY,WB,1
SEC:LSY:S18C_S18D:EB,tunnel sector,LSY,EB,1
SEC:LSY:S18C_S18D:WB,tunnel sector,LSY,WB,1
SEC:LSY:S18D_S18G1:EB,tunnel sector,LSY,EB,1
SEC:LSY:S18D_S18G1:WB,tunnel sector,LSY,WB,1
SEC:LSY:S18G1_S18G2:EB,tunnel sector,LSY,EB,1
SEC:LSY:S18G1_S18G2:WB,tunnel sector,LSY,WB,1
SEC:LSY:S18G2_S18G3:EB,tunnel sector,LSY,EB,1
SEC:LSY:S18G2_S18G3:WB,tunnel sector,LSY,WB,1
SEC:LSY:S18G3_J19A:EB,tunnel sector,LSY,EB,1
SEC:LSY:S18G3_J19A:WB,tunnel sector,LSY,WB,1
SEC:LSY:J19A_J19B:EB,tunnel sector,LSY,EB,1
SEC:LSY:J19A_J19B:WB,tunnel sector,LSY,WB,1
SEC:LSY:J19B_S19C:EB,tunnel sector,LSY,EB,1
SEC:LSY:J19B_S19C:WB,tunnel sector,LSY,WB,1
SEC:LSY:S19C_S19D:EB,tunnel sector,LSY,EB,1
SEC:LSY:S19C_S19D:WB,tunnel sector,LSY,WB,1
SEC:LSY:S19D_S19G1:EB,tunnel sector,LSY,EB,1
SEC:LSY:S19D_S19G1:WB,tunnel sector,LSY,WB,1
SEC:LSY:S19G1_S19G2:EB,tunnel sector,LSY,EB,1
SEC:LSY:S19G1_S19G2:WB,tunnel sector,LSY,WB,1
SEC:LSY:S19G2_S19G3:EB,tunnel sector,LSY,EB,1
SEC:LSY:S19G2_S19G3:WB,tunnel sector,LSY,WB,1
SEC:LSY:S19G3_J20A:EB,tunnel sector,LSY,EB,1
SEC:LSY:S19G3_J20A:WB,tunnel sector,LSY,WB,1
SEC:LSY:J20A_J20B:EB,tunnel sector,LSY,EB,1
SEC:LSY:J20A_J20B:WB,tunnel sector,LSY,WB,1
SEC:LSY:J20B_S20C:EB,tunnel sector,LSY,EB,1
SEC:LSY:J20B_S20C:WB,tunnel sector,LSY,WB,1
SEC:LSY:S20C_S20D:EB,tunnel sector,LSY,EB,1
SEC:LSY:S20C_S20D:WB,tunnel sector,LSY,WB,1
SEC:LSY:S20D_S20G1:EB,tunnel sector,LSY,EB,1
SEC:LSY:S20D_S20G1:WB,tunnel sector,LSY,WB,1
SEC:LSY:S20G1_S20G2:EB,tunnel sector,LSY,EB,1
SEC:LSY:S20G1_S20G2:WB,tunnel sector,LSY,WB,1
SEC:LSY:S20G2_S20G3:EB,tunnel sector,LSY,EB,1
SEC:LSY:S20G2_S20G3:WB,tunnel sector,LSY,WB,1
PLAT:LSX:J1A:EB,platform,LSX,EB,1
PLAT:LSX:J1A:WB,platform,LSX,WB,1
PLAT:LSX:J1B:EB,platform,LSX,EB,1
PLAT:LSX:J1B:WB,platform,LSX,WB,1
PLAT:LSX:N1C:EB,platform,LSX,EB,1
PLAT:LSX:N1C:WB,platform,LSX,WB,1
PLAT:LSX:N1D:EB,platform,LSX,EB,1
PLAT:LSX:N1D:WB,platform,LSX,WB,1
PLAT:LSX:N1G1:EB,platform,LSX,EB,1
PLAT:LSX:N1G1:WB,platform,LSX,WB,1
PLAT:LSX:N1G2:EB,platform,LSX,EB,1
PLAT:LSX:N1G2:WB,platform,LSX,WB,1
PLAT:LSX:N1G3:EB,platform,LSX,EB,1
PLAT:LSX:N1G3:WB,platform,LSX,WB,1
PLAT:LSX:J2A:EB,platform,LSX,EB,1
PLAT:LSX:J2A:WB,platform,LSX,WB,1
PLAT:LSX:J2B:EB,platform,LSX,EB,1
PLAT:LSX:J2B:WB,platform,LSX,WB,1
PLAT:LSX:N2C:EB,platform,LSX,EB,1
PLAT:LSX:N2C:WB,platform,LSX,WB,1
PLAT:LSX:N2D:EB,platform,LSX,EB,1
PLAT:LSX:N2D:WB,platform,LSX,WB,1
PLAT:LSX:N2G1:EB,platform,LSX,EB,1
PLAT:LSX:N2G1:WB,platform,LSX,WB,1
PLAT:LSX:N2G2:EB,platform,LSX,EB,1
PLAT:LSX:N2G2:WB,platform,LSX,WB,1
PLAT:LSX:N2G3:EB,platform,LSX,EB,1
PLAT:LSX:N2G3:WB,platform,LSX,WB,1
PLAT:LSX:J3A:EB,platform,LSX,EB,1
PLAT:LSX:J3A:WB,platform,LSX,WB,1
PLAT:LSX:J3B:EB,platform,LSX,EB,1
PLAT:LSX:J3B:WB,platform,LSX,WB,1
PLAT:LSX:N3C:EB,platform,LSX,EB,1
PLAT:LSX:N3C:WB,platform,LSX,WB,1
PLAT:LSX:N3D:EB,platform,LSX,EB,1
PLAT:LSX:N3D:WB,platform,LSX,WB,1
PLAT:LSX:N3G1:EB,platform,LSX,EB,1
PLAT:LSX:N3G1:WB,platform,LSX,WB,1
PLAT:LSX:N3G2:EB,platform,LSX,EB,1
PLAT:LSX:N3G2:WB,platform,LSX,WB,1
PLAT:LSX:N3G3:EB,platform,LSX,EB,1
PLAT:LSX:N3G3:WB,platform,LSX,WB,1
PLAT:LSX:J4A:EB,platform,LSX,EB,1
PLAT:LSX:J4A:WB,platform,LSX,WB,1
PLAT:LSX:J4B:EB,platform,LSX,EB,1
PLAT:LSX:J4B:WB,platform,LSX,WB,1
PLAT:LSX:N4C:EB,platform,LSX,EB,1
PLAT:LSX:N4C:WB,platform,LSX,WB,1
PLAT:LSX:N4D:EB,platform,LSX,EB,1
PLAT:LSX:N4D:WB,platform,LSX,WB,1
PLAT:LSX:N4G1:EB,platform,LSX,EB,1
PLAT:LSX:N4G1:WB,platform,LSX,WB,1
PLAT:LSX:N4G2:EB,platform,LSX,EB,1
PLAT:LSX:N4G2:WB,platform,LSX,WB,1
PLAT:LSX:N4G3:EB,platform,LSX,EB,1
PLAT:LSX:N4G3:WB,platform,LSX,WB,1
PLAT:LSX:J5A:EB,platform,LSX,EB,1
PLAT:LSX:J5A:WB,platform,LSX,WB,1
PLAT:LSX:J5B:EB,platform,LSX,EB,1
PLAT:LSX:J5B:WB,platform,LSX,WB,1
PLAT:LSX:N5C:EB,platform,LSX,EB,1
PLAT:LSX:N5C:WB,platform,LSX,WB,1
PLAT:LSX:N5D:EB,platform,LSX,EB,1
PLAT:LSX:N5D:WB,platform,LSX,WB,1
PLAT:LSX:N5G1:EB,platform,LSX,EB,1
PLAT:LSX:N5G1:WB,platform,LSX,WB,1
PLAT:LSX:N5G2:EB,platform,LSX,EB,1
PLAT:LSX:N5G2:WB,platform,LSX,WB,1
PLAT:LSX:N5G3:EB,platform,LSX,EB,1
PLAT:LSX:N5G3:WB,platform,LSX,WB,1
PLAT:LSX:J6A:EB,platform,LSX,EB,1
PLAT:LSX:J6A:WB,platform,LSX,WB,1
PLAT:LSX:J6B:EB,platform,LSX,EB,1
PLAT:LSX:J6B:WB,platform,LSX,WB,1
PLAT:LSX:N6C:EB,platform,LSX,EB,1
PLAT:LSX:N6C:WB,platform,LSX,WB,1
PLAT:LSX:N6D:EB,platform,LSX,EB,1
PLAT:LSX:N6D:WB,platform,LSX,WB,1
PLAT:LSX:N6G1:EB,platform,LSX,EB,1
PLAT:LSX:N6G1:WB,platform,LSX,WB,1
PLAT:LSX:N6G2:EB,platform,LSX,EB,1
PLAT:LSX:N6G2:WB,platform,LSX,WB,1
PLAT:LSX:N6G3:EB,platform,LSX,EB,1
PLAT:LSX:N6G3:WB,platform,LSX,WB,1
PLAT:LSX:J7A:EB,platform,LSX,EB,1
PLAT:LSX:J7A:WB,platform,LSX,WB,1
PLAT:LSX:J7B:EB,platform,LSX,EB,1
PLAT:LSX:J7B:WB,platform,LSX,WB,1
PLAT:LSX:N7C:EB,platform,LSX,EB,1
PLAT:LSX:N7C:WB,platform,LSX,WB,1
PLAT:LSX:N7D:EB,platform,LSX,EB,1
PLAT:LSX:N7D:WB,platform,LSX,WB,1
PLAT:LSX:N7G1:EB,platform,LSX,EB,1
PLAT:LSX:N7G1:WB,platform,LSX,WB,1
PLAT:LSX:N7G2:EB,platform,LSX,EB,1
PLAT:LSX:N7G2:WB,platform,LSX,WB,1
PLAT:LSX:N7G3:EB,platform,LSX,EB,1
PLAT:LSX:N7G3:WB,platform,LSX,WB,1
PLAT:LSX:J8A:EB,platform,LSX,EB,1
PLAT:LSX:J8A:WB,platform,LSX,WB,1
PLAT:LSX:J8B:EB,platform,LSX,EB,1
PLAT:LSX:J8B:WB,platform,LSX,WB,1
PLAT:LSX:N8C:EB,platform,LSX,EB,1
PLAT:LSX:N8C:WB,platform,LSX,WB,1
PLAT:LSX:N8D:EB,platform,LSX,EB,1
PLAT:LSX:N8D:WB,platform,LSX,WB,1
PLAT:LSX:N8G1:EB,platform,LSX,EB,1
PLAT:LSX:N8G1:WB,platform,LSX,WB,1
PLAT:LSX:N8G2:EB,platform,LSX,EB,1
PLAT:LSX:N8G2:WB,platform,LSX,WB,1
PLAT:LSX:N8G3:EB,platform,LSX,EB,1
PLAT:LSX:N8G3:WB,platform,LSX,WB,1
PLAT:LSX:J9A:EB,platform,LSX,EB,1
PLAT:LSX:J9A:WB,platform,LSX,WB,1
PLAT:LSX:J9B:EB,platform,LSX,EB,1
PLAT:LSX:J9B:WB,platform,LSX,WB,1
PLAT:LSX:N9C:EB,platform,LSX,EB,1
PLAT:LSX:N9C:WB,platform,LSX,WB,1
PLAT:LSX:N9D:EB,platform,LSX,EB,1
PLAT:LSX:N9D:WB,platform,LSX,WB,1
PLAT:LSX:N9G1:EB,platform,LSX,EB,1
PLAT:LSX:N9G1:WB,platform,LSX,WB,1
PLAT:LSX:N9G2:EB,platform,LSX,EB,1
PLAT:LSX:N9G2:WB,platform,LSX,WB,1
PLAT:LSX:N9G3:EB,platform,LSX,EB,1
PLAT:LSX:N9G3:WB,platform,LSX,WB,1
PLAT:LSX:J10A:EB,platform,LSX,EB,1
PLAT:LSX:J10A:WB,platform,LSX,WB,1
PLAT:LSX:J10B:EB,platform,LSX,EB,1
PLAT:LSX:J10B:WB,platform,LSX,WB,1
PLAT:LSX:N10C:EB,platform,LSX,EB,1
PLAT:LSX:N10C:WB,platform,LSX,WB,1
PLAT:LSX:N10D:EB,platform,LSX,EB,1
PLAT:LSX:N10D:WB,platform,LSX,WB,1
PLAT:LSX:N10G1:EB,platform,LSX,EB,1
PLAT:LSX:N10G1:WB,platform,LSX,WB,1
PLAT:LSX:N10G2:EB,platform,LSX,EB,1
PLAT:LSX:N10G2:WB,platform,LSX,WB,1
PLAT:LSX:N10G3:EB,platform,LSX,EB,1
PLAT:LSX:N10G3:WB,platform,LSX,WB,1
PLAT:LSX:J11A:EB,platform,LSX,EB,1
PLAT:LSX:J11A:WB,platform,LSX,WB,1
PLAT:LSX:J11B:EB,platform,LSX,EB,1
PLAT:LSX:J11B:WB,platform,LSX,WB,1
PLAT:LSX:N11C:EB,platform,LSX,EB,1
PLAT:LSX:N11C:WB,platform,LSX,WB,1
PLAT:LSX:N11D:EB,platform,LSX,EB,1
PLAT:LSX:N11D:WB,platform,LSX,WB,1
PLAT:LSX:N11G1:EB,platform,LSX,EB,1
PLAT:LSX:N11G1:WB,platform,LSX,WB,1
PLAT:LSX:N11G2:EB,platform,LSX,EB,1
PLAT:LSX:N11G2:WB,platform,LSX,WB,1
PLAT:LSX:N11G3:EB,platform,LSX,EB,1
PLAT:LSX:N11G3:WB,platform,LSX,WB,1
PLAT:LSX:J12A:EB,platform,LSX,EB,1
PLAT:LSX:J12A:WB,platform,LSX,WB,1
PLAT:LSX:J12B:EB,platform,LSX,EB,1
PLAT:LSX:J12B:WB,platform,LSX,WB,1
PLAT:LSX:N12C:EB,platform,LSX,EB,1
PLAT:LSX:N12C:WB,platform,LSX,WB,1
PLAT:LSX:N12D:EB,platform,LSX,EB,1
PLAT:LSX:N12D:WB,platform,LSX,WB,1
PLAT:LSX:N12G1:EB,platform,LSX,EB,1
PLAT:LSX:N12G1:WB,platform,LSX,WB,1
PLAT:LSX:N12G2:EB,platform,LSX,EB,1
PLAT:LSX:N12G2:WB,platform,LSX,WB,1
PLAT:LSX:N12G3:EB,platform,LSX,EB,1
PLAT:LSX:N12G3:WB,platform,LSX,WB,1
PLAT:LSX:J13A:EB,platform,LSX,EB,1
PLAT:LSX:J13A:WB,platform,LSX,WB,1
PLAT:LSX:J13B:EB,platform,LSX,EB,1
PLAT:LSX:J13B:WB,platform,LSX,WB,1
PLAT:LSX:N13C:EB,platform,LSX,EB,1
PLAT:LSX:N13C:WB,platform,LSX,WB,1
PLAT:LSX:N13D:EB,platform,LSX,EB,1
PLAT:LSX:N13D:WB,platform,LSX,WB,1
PLAT:LSX:N13G1:EB,platform,LSX,EB,1
PLAT:LSX:N13G1:WB,platform,LSX,WB,1
PLAT:LSX:N13G2:EB,platform,LSX,EB,1
PLAT:LSX:N13G2:WB,platform,LSX,WB,1
PLAT:LSX:N13G3:EB,platform,LSX,EB,1
PLAT:LSX:N13G3:WB,platform,LSX,WB,1
PLAT:LSX:J14A:EB,platform,LSX,EB,1
PLAT:LSX:J14A:WB,platform,LSX,WB,1
PLAT:LSX:J14B:EB,platform,LSX,EB,1
PLAT:LSX:J14B:WB,platform,LSX,WB,1
PLAT:LSX:N14C:EB,platform,LSX,EB,1
PLAT:LSX:N14C:WB,platform,LSX,WB,1
PLAT:LSX:N14D:EB,platform,LSX,EB,1
PLAT:LSX:N14D:WB,platform,LSX,WB,1
PLAT:LSX:N14G1:EB,platform,LSX,EB,1
PLAT:LSX:N14G1:WB,platform,LSX,WB,1
PLAT:LSX:N14G2:EB,platform,LSX,EB,1
PLAT:LSX:N14G2:WB,platform,LSX,WB,1
PLAT:LSX:N14G3:EB,platform,LSX,EB,1
PLAT:LSX:N14G3:WB,platform,LSX,WB,1
PLAT:LSX:J15A:EB,platform,LSX,EB,1
PLAT:LSX:J15A:WB,platform,LSX,WB,1
PLAT:LSX:J15B:EB,platform,LSX,EB,1
PLAT:LSX:J15B:WB,platform,LSX,WB,1
PLAT:LSX:N15C:EB,platform,LSX,EB,1
PLAT:LSX:N15C:WB,platform,LSX,WB,1
PLAT:LSX:N15D:EB,platform,LSX,EB,1
PLAT:LSX:N15D:WB,platform,LSX,WB,1
PLAT:LSX:N15G1:EB,platform,LSX,EB,1
PLAT:LSX:N15G1:WB,platform,LSX,WB,1
PLAT:LSX:N15G2:EB,platform,LSX,EB,1
PLAT:LSX:N15G2:WB,platform,LSX,WB,1
PLAT:LSX:N15G3:EB,platform,LSX,EB,1
PLAT:LSX:N15G3:WB,platform,LSX,WB,1
PLAT:LSX:J16A:EB,platform,LSX,EB,1
PLAT:LSX:J16A:WB,platform,LSX,WB,1
PLAT:LSX:J16B:EB,platform,LSX,EB,1
PLAT:LSX:J16B:WB,platform,LSX,WB,1
PLAT:LSX:N16C:EB,platform,LSX,EB,1
PLAT:LSX:N16C:WB,platform,LSX,WB,1
PLAT:LSX:N16D:EB,platform,LSX,EB,1
PLAT:LSX:N16D:WB,platform,LSX,WB,1
PLAT:LSX:N16G1:EB,platform,LSX,EB,1
PLAT:LSX:N16G1:WB,platform,LSX,WB,1
PLAT:LSX:N16G2:EB,platform,LSX,EB,1
PLAT:LSX:N16G2:WB,platform,LSX,WB,1
PLAT:LSX:N16G3:EB,platform,LSX,EB,1
PLAT:LSX:N16G3:WB,platform,LSX,WB,1
PLAT:LSX:J17A:EB,platform,LSX,EB,1
PLAT:LSX:J17A:WB,platform,LSX,WB,1
PLAT:LSX:J17B:EB,platform,LSX,EB,1
PLAT:LSX:J17B:WB,platform,LSX,WB,1
PLAT:LSX:N17C:EB,platform,LSX,EB,1
PLAT:LSX:N17C:WB,platform,LSX,WB,1
PLAT:LSX:N17D:EB,platform,LSX,EB,1
PLAT:LSX:N17D:WB,platform,LSX,WB,1
PLAT:LSX:N17G1:EB,platform,LSX,EB,1
PLAT:LSX:N17G1:WB,platform,LSX,WB,1
PLAT:LSX:N17G2:EB,platform,LSX,EB,1
PLAT:LSX:N17G2:WB,platform,LSX,WB,1
PLAT:LSX:N17G3:EB,platform,LSX,EB,1
PLAT:LSX:N17G3:WB,platform,LSX,WB,1
PLAT:LSX:J18A:EB,platform,LSX,EB,1
PLAT:LSX:J18A:WB,platform,LSX,WB,1
PLAT:LSX:J18B:EB,platform,LSX,EB,1
PLAT:LSX:J18B:WB,platform,LSX,WB,1
PLAT:LSX:N18C:EB,platform,LSX,EB,1
PLAT:LSX:N18C:WB,platform,LSX,WB,1
PLAT:LSX:N18D:EB,platform,LSX,EB,1
PLAT:LSX:N18D:WB,platform,LSX,WB,1
PLAT:LSX:N18G1:EB,platform,LSX,EB,1
PLAT:LSX:N18G1:WB,platform,LSX,WB,1
PLAT:LSX:N18G2:EB,platform,LSX,EB,1
PLAT:LSX:N18G2:WB,platform,LSX,WB,1
PLAT:LSX:N18G3:EB,platform,LSX,EB,1
PLAT:LSX:N18G3:WB,platform,LSX,WB,1
PLAT:LSX:J19A:EB,platform,LSX,EB,1
PLAT:LSX:J19A:WB,platform,LSX,WB,1
PLAT:LSX:J19B:EB,platform,LSX,EB,1
PLAT:LSX:J19B:WB,platform,LSX,WB,1
PLAT:LSX:N19C:EB,platform,LSX,EB,1
PLAT:LSX:N19C:WB,platform,LSX,WB,1
PLAT:LSX:N19D:EB,platform,LSX,EB,1
PLAT:LSX:N19D:WB,platform,LSX,WB,1
PLAT:LSX:N19G1:EB,platform,LSX,EB,1
PLAT:LSX:N19G1:WB,platform,LSX,WB,1
PLAT:LSX:N19G2:EB,platform,LSX,EB,1
PLAT:LSX:N19G2:WB,platform,LSX,WB,1
PLAT:LSX:N19G3:EB,platform,LSX,EB,1
PLAT:LSX:N19G3:WB,platform,LSX,WB,1
PLAT:LSX:J20A:EB,platform,LSX,EB,1
PLAT:LSX:J20A:WB,platform,LSX,WB,1
PLAT:LSX:J20B:EB,platform,LSX,EB,1
PLAT:LSX:J20B:WB,platform,LSX,WB,1
PLAT:LSX:N20C:EB,platform,LSX,EB,1
PLAT:LSX:N20C:WB,platform,LSX,WB,1
PLAT:LSX:N20D:EB,platform,LSX,EB,1
PLAT:LSX:N20D:WB,platform,LSX,WB,1
PLAT:LSX:N20G1:EB,platform,LSX,EB,1
PLAT:LSX:N20G1:WB,platform,LSX,WB,1
PLAT:LSX:N20G2:EB,platform,LSX,EB,1
PLAT:LSX:N20G2:WB,platform,LSX,WB,1
PLAT:LSX:N20G3:EB,platform,LSX,EB,1
PLAT:LSX:N20G3:WB,platform,LSX,WB,1
PLAT:LSY:J1A:EB,platform,LSY,EB,1
PLAT:LSY:J1A:WB,platform,LSY,WB,1
PLAT:LSY:J1B:EB,platform,LSY,EB,1
PLAT:LSY:J1B:WB,platform,LSY,WB,1
PLAT:LSY:S1C:EB,platform,LSY,EB,1
PLAT:LSY:S1C:WB,platform,LSY,WB,1
PLAT:LSY:S1D:EB,platform,LSY,EB,1
PLAT:LSY:S1D:WB,platform,LSY,WB,1
PLAT:LSY:S1G1:EB,platform,LSY,EB,1
PLAT:LSY:S1G1:WB,platform,LSY,WB,1
PLAT:LSY:S1G2:EB,platform,LSY,EB,1
PLAT:LSY:S1G2:WB,platform,LSY,WB,1
PLAT:LSY:S1G3:EB,platform,LSY,EB,1
PLAT:LSY:S1G3:WB,platform,LSY,WB,1
PLAT:LSY:J2A:EB,platform,LSY,EB,1
PLAT:LSY:J2A:WB,platform,LSY,WB,1
PLAT:LSY:J2B:EB,platform,LSY,EB,1
PLAT:LSY:J2B:WB,platform,LSY,WB,1
PLAT:LSY:S2C:EB,platform,LSY,EB,1
PLAT:LSY:S2C:WB,platform,LSY,WB,1
PLAT:LSY:S2D:EB,platform,LSY,EB,1
PLAT:LSY:S2D:WB,platform,LSY,WB,1
PLAT:LSY:S2G1:EB,platform,LSY,EB,1
PLAT:LSY:S2G1:WB,platform,LSY,WB,1
PLAT:LSY:S2G2:EB,platform,LSY,EB,1
PLAT:LSY:S2G2:WB,platform,LSY,WB,1
PLAT:LSY:S2G3:EB,platform,LSY,EB,1
PLAT:LSY:S2G3:WB,platform,LSY,WB,1
PLAT:LSY:J3A:EB,platform,LSY,EB,1
PLAT:LSY:J3A:WB,platform,LSY,WB,1
PLAT:LSY:J3B:EB,platform,LSY,EB,1
PLAT:LSY:J3B:WB,platform,LSY,WB,1
PLAT:LSY:S3C:EB,platform,LSY,EB,1
PLAT:LSY:S3C:WB,platform,LSY,WB,1
PLAT:LSY:S3D:EB,platform,LSY,EB,1
PLAT:LSY:S3D:WB,platform,LSY,WB,1
PLAT:LSY:S3G1:EB,platform,LSY,EB,1
PLAT:LSY:S3G1:WB,platform,LSY,WB,1
PLAT:LSY:S3G2:EB,platform,LSY,EB,1
PLAT:LSY:S3G2:WB,platform,LSY,WB,1
PLAT:LSY:S3G3:EB,platform,LSY,EB,1
PLAT:LSY:S3G3:WB,platform,LSY,WB,1
PLAT:LSY:J4A:EB,platform,LSY,EB,1
PLAT:LSY:J4A:WB,platform,LSY,WB,1
PLAT:LSY:J4B:EB,platform,LSY,EB,1
PLAT:LSY:J4B:WB,platform,LSY,WB,1
PLAT:LSY:S4C:EB,platform,LSY,EB,1
PLAT:LSY:S4C:WB,platform,LSY,WB,1
PLAT:LSY:S4D:EB,platform,LSY,EB,1
PLAT:LSY:S4D:WB,platform,LSY,WB,1
PLAT:LSY:S4G1:EB,platform,LSY,EB,1
PLAT:LSY:S4G1:WB,platform,LSY,WB,1
PLAT:LSY:S4G2:EB,platform,LSY,EB,1
PLAT:LSY:S4G2:WB,platform,LSY,WB,1
PLAT:LSY:S4G3:EB,platform,LSY,EB,1
PLAT:LSY:S4G3:WB,platform,LSY,WB,1
PLAT:LSY:J5A:EB,platform,LSY,EB,1
PLAT:LSY:J5A:WB,platform,LSY,WB,1
PLAT:LSY:J5B:EB,platform,LSY,EB,1
PLAT:LSY:J5B:WB,platform,LSY,WB,1
PLAT:LSY:S5C:EB,platform,LSY,EB,1
PLAT:LSY:S5C:WB,platform,LSY,WB,1
PLAT:LSY:S5D:EB,platform,LSY,EB,1
PLAT:LSY:S5D:WB,platform,LSY,WB,1
PLAT:LSY:S5G1:EB,platform,LSY,EB,1
PLAT:LSY:S5G1:WB,platform,LSY,WB,1
PLAT:LSY:S5G2:EB,platform,LSY,EB,1
PLAT:LSY:S5G2:WB,platform,LSY,WB,1
PLAT:LSY:S5G3:EB,platform,LSY,EB,1
PLAT:LSY:S5G3:WB,platform,LSY,WB,1
PLAT:LSY:J6A:EB,platform,LSY,EB,1
PLAT:LSY:J6A:WB,platform,LSY,WB,1
PLAT:LSY:J6B:EB,platform,LSY,EB,1
PLAT:LSY:J6B:WB,platform,LSY,WB,1
PLAT:LSY:S6C:EB,platform,LSY,EB,1
PLAT:LSY:S6C:WB,platform,LSY,WB,1
PLAT:LSY:S6D:EB,platform,LSY,EB,1
PLAT:LSY:S6D:WB,platform,LSY,WB,1
PLAT:LSY:S6G1:EB,platform,LSY,EB,1
PLAT:LSY:S6G1:WB,platform,LSY,WB,1
PLAT:LSY:S6G2:EB,platform,LSY,EB,1
PLAT:LSY:S6G2:WB,platform,LSY,WB,1
PLAT:LSY:S6G3:EB,platform,LSY,EB,1
PLAT:LSY:S6G3:WB,platform,LSY,WB,1
PLAT:LSY:J7A:EB,platform,LSY,EB,1
PLAT:LSY:J7A:WB,platform,LSY,WB,1
PLAT:LSY:J7B:EB,platform,LSY,EB,1
PLAT:LSY:J7B:WB,platform,LSY,WB,1
PLAT:LSY:S7C:EB,platform,LSY,EB,1
PLAT:LSY:S7C:WB,platform,LSY,WB,1
PLAT:LSY:S7D:EB,platform,LSY,EB,1
PLAT:LSY:S7D:WB,platform,LSY,WB,1
PLAT:LSY:S7G1:EB,platform,LSY,EB,1
PLAT:LSY:S7G1:WB,platform,LSY,WB,1
PLAT:LSY:S7G2:EB,platform,LSY,EB,1
PLAT:LSY:S7G2:WB,platform,LSY,WB,1
PLAT:LSY:S7G3:EB,platform,LSY,EB,1
PLAT:LSY:S7G3:WB,platform,LSY,WB,1
PLAT:LSY:J8A:EB,platform,LSY,EB,1
PLAT:LSY:J8A:WB,platform,LSY,WB,1
PLAT:LSY:J8B:EB,platform,LSY,EB,1
PLAT:LSY:J8B:WB,platform,LSY,WB,1
PLAT:LSY:S8C:EB,platform,LSY,EB,1
PLAT:LSY:S8C:WB,platform,LSY,WB,1
PLAT:LSY:S8D:EB,platform,LSY,EB,1
PLAT:LSY:S8D:WB,platform,LSY,WB,1
PLAT:LSY:S8G1:EB,platform,LSY,EB,1
PLAT:LSY:S8G1:WB,platform,LSY,WB,1
PLAT:LSY:S8G2:EB,platform,LSY,EB,1
PLAT:LSY:S8G2:WB,platform,LSY,WB,1
PLAT:LSY:S8G3:EB,platform,LSY,EB,1
PLAT:LSY:S8G3:WB,platform,LSY,WB,1
PLAT:LSY:J9A:EB,platform,LSY,EB,1
PLAT:LSY:J9A:WB,platform,LSY,WB,1
PLAT:LSY:J9B:EB,platform,LSY,EB,1
PLAT:LSY:J9B:WB,platform,LSY,WB,1
PLAT:LSY:S9C:EB,platform,LSY,EB,1
PLAT:LSY:S9C:WB,platform,LSY,WB,1
PLAT:LSY:S9D:EB,platform,LSY,EB,1
PLAT:LSY:S9D:WB,platform,LSY,WB,1
PLAT:LSY:S9G1:EB,platform,LSY,EB,1
PLAT:LSY:S9G1:WB,platform,LSY,WB,1
PLAT:LSY:S9G2:EB,platform,LSY,EB,1
PLAT:LSY:S9G2:WB,platform,LSY,WB,1
PLAT:LSY:S9G3:EB,platform,LSY,EB,1
PLAT:LSY:S9G3:WB,platform,LSY,WB,1
PLAT:LSY:J10A:EB,platform,LSY,EB,1
PLAT:LSY:J10A:WB,platform,LSY,WB,1
PLAT:LSY:J10B:EB,platform,LSY,EB,1
PLAT:LSY:J10B:WB,platform,LSY,WB,1
PLAT:LSY:S10C:EB,platform,LSY,EB,1
PLAT:LSY:S10C:WB,platform,LSY,WB,1
PLAT:LSY:S10D:EB,platform,LSY,EB,1
PLAT:LSY:S10D:WB,platform,LSY,WB,1
PLAT:LSY:S10G1:EB,platform,LSY,EB,1
PLAT:LSY:S10G1:WB,platform,LSY,WB,1
PLAT:LSY:S10G2:EB,platform,LSY,EB,1
PLAT:LSY:S10G2:WB,platform,LSY,WB,1
PLAT:LSY:S10G3:EB,platform,LSY,EB,1
PLAT:LSY:S10G3:WB,platform,LSY,WB,1
PLAT:LSY:J11A:EB,platform,LSY,EB,1
PLAT:LSY:J11A:WB,platform,LSY,WB,1
PLAT:LSY:J11B:EB,platform,LSY,EB,1
PLAT:LSY:J11B:WB,platform,LSY,WB,1
PLAT:LSY:S11C:EB,platform,LSY,EB,1
PLAT:LSY:S11C:WB,platform,LSY,WB,1
PLAT:LSY:S11D:EB,platform,LSY,EB,1
PLAT:LSY:S11D:WB,platform,LSY,WB,1
PLAT:LSY:S11G1:EB,platform,LSY,EB,1
PLAT:LSY:S11G1:WB,platform,LSY,WB,1
PLAT:LSY:S11G2:EB,platform,LSY,EB,1
PLAT:LSY:S11G2:WB,platform,LSY,WB,1
PLAT:LSY:S11G3:EB,platform,LSY,EB,1
PLAT:LSY:S11G3:WB,platform,LSY,WB,1
PLAT:LSY:J12A:EB,platform,LSY,EB,1
PLAT:LSY:J12A:WB,platform,LSY,WB,1
PLAT:LSY:J12B:EB,platform,LSY,EB,1
PLAT:LSY:J12B:WB,platform,LSY,WB,1
PLAT:LSY:S12C:EB,platform,LSY,EB,1
PLAT:LSY:S12C:WB,platform,LSY,WB,1
PLAT:LSY:S12D:EB,platform,LSY,EB,1
PLAT:LSY:S12D:WB,platform,LSY,WB,1
PLAT:LSY:S12G1:EB,platform,LSY,EB,1
PLAT:LSY:S12G1:WB,platform,LSY,WB,1
PLAT:LSY:S12G2:EB,platform,LSY,EB,1
PLAT:LSY:S12G2:WB,platform,LSY,WB,1
PLAT:LSY:S12G3:EB,platform,LSY,EB,1
PLAT:LSY:S12G3:WB,platform,LSY,WB,1
PLAT:LSY:J13A:EB,platform,LSY,EB,1
PLAT:LSY:J13A:WB,platform,LSY,WB,1
PLAT:LSY:J13B:EB,platform,LSY,EB,1
PLAT:LSY:J13B:WB,platform,LSY,WB,1
PLAT:LSY:S13C:EB,platform,LSY,EB,1
PLAT:LSY:S13C:WB,platform,LSY,WB,1
PLAT:LSY:S13D:EB,platform,LSY,EB,1
PLAT:LSY:S13D:WB,platform,LSY,WB,1
PLAT:LSY:S13G1:EB,platform,LSY,EB,1
PLAT:LSY:S13G1:WB,platform,LSY,WB,1
PLAT:LSY:S13G2:EB,platform,LSY,EB,1
PLAT:LSY:S13G2:WB,platform,LSY,WB,1
PLAT:LSY:S13G3:EB,platform,LSY,EB,1
PLAT:LSY:S13G3:WB,platform,LSY,WB,1
PLAT:LSY:J14A:EB,platform,LSY,EB,1
PLAT:LSY:J14A:WB,platform,LSY,WB,1
PLAT:LSY:J14B:EB,platform,LSY,EB,1
PLAT:LSY:J14B:WB,platform,LSY,WB,1
PLAT:LSY:S14C:EB,platform,LSY,EB,1
PLAT:LSY:S14C:WB,platform,LSY,WB,1
PLAT:LSY:S14D:EB,platform,LSY,EB,1
PLAT:LSY:S14D:WB,platform,LSY,WB,1
PLAT:LSY:S14G1:EB,platform,LSY,EB,1
PLAT:LSY:S14G1:WB,platform,LSY,WB,1
PLAT:LSY:S14G2:EB,platform,LSY,EB,1
PLAT:LSY:S14G2:WB,platform,LSY,WB,1
PLAT:LSY:S14G3:EB,platform,LSY,EB,1
PLAT:LSY:S14G3:WB,platform,LSY,WB,1
PLAT:LSY:J15A:EB,platform,LSY,EB,1
PLAT:LSY:J15A:WB,platform,LSY,WB,1
PLAT:LSY:J15B:EB,platform,LSY,EB,1
PLAT:LSY:J15B:WB,platform,LSY,WB,1
PLAT:LSY:S15C:EB,platform,LSY,EB,1
PLAT:LSY:S15C:WB,platform,LSY,WB,1
PLAT:LSY:S15D:EB,platform,LSY,EB,1
PLAT:LSY:S15D:WB,platform,LSY,WB,1
PLAT:LSY:S15G1:EB,platform,LSY,EB,1
PLAT:LSY:S15G1:WB,platform,LSY,WB,1
PLAT:LSY:S15G2:EB,platform,LSY,EB,1
PLAT:LSY:S15G2:WB,platform,LSY,WB,1
PLAT:LSY:S15G3:EB,platform,LSY,EB,1
PLAT:LSY:S15G3:WB,platform,LSY,WB,1
PLAT:LSY:J16A:EB,platform,LSY,EB,1
PLAT:LSY:J16A:WB,platform,LSY,WB,1
PLAT:LSY:J16B:EB,platform,LSY,EB,1
PLAT:LSY:J16B:WB,platform,LSY,WB,1
PLAT:LSY:S16C:EB,platform,LSY,EB,1
PLAT:LSY:S16C:WB,platform,LSY,WB,1
PLAT:LSY:S16D:EB,platform,LSY,EB,1
PLAT:LSY:S16D:WB,platform,LSY,WB,1
PLAT:LSY:S16G1:EB,platform,LSY,EB,1
PLAT:LSY:S16G1:WB,platform,LSY,WB,1
PLAT:LSY:S16G2:EB,platform,LSY,EB,1
PLAT:LSY:S16G2:WB,platform,LSY,WB,1
PLAT:LSY:S16G3:EB,platform,LSY,EB,1
PLAT:LSY:S16G3:WB,platform,LSY,WB,1
PLAT:LSY:J17A:EB,platform,LSY,EB,1
PLAT:LSY:J17A:WB,platform,LSY,WB,1
PLAT:LSY:J17B:EB,platform,LSY,EB,1
PLAT:LSY:J17B:WB,platform,LSY,WB,1
PLAT:LSY:S17C:EB,platform,LSY,EB,1
PLAT:LSY:S17C:WB,platform,LSY,WB,1
PLAT:LSY:S17D:EB,platform,LSY,EB,1
PLAT:LSY:S17D:WB,platform,LSY,WB,1
PLAT:LSY:S17G1:EB,platform,LSY,EB,1
PLAT:LSY:S17G1:WB,platform,LSY,WB,1
PLAT:LSY:S17G2:EB,platform,LSY,EB,1
PLAT:LSY:S17G2:WB,platform,LSY,WB,1
PLAT:LSY:S17G3:EB,platform,LSY,EB,1
PLAT:LSY:S17G3:WB,platform,LSY,WB,1
PLAT:LSY:J18A:EB,platform,LSY,EB,1
PLAT:LSY:J18A:WB,platform,LSY,WB,1
PLAT:LSY:J18B:EB,platform,LSY,EB,1
PLAT:LSY:J18B:WB,platform,LSY,WB,1
PLAT:LSY:S18C:EB,platform,LSY,EB,1
PLAT:LSY:S18C:WB,platform,LSY,WB,1
PLAT:LSY:S18D:EB,platform,LSY,EB,1
PLAT:LSY:S18D:WB,platform,LSY,WB,1
PLAT:LSY:S18G1:EB,platform,LSY,EB,1
PLAT:LSY:S18G1:WB,platform,LSY,WB,1
PLAT:LSY:S18G2:EB,platform,LSY,EB,1
PLAT:LSY:S18G2:WB,platform,LSY,WB,1
PLAT:LSY:S18G3:EB,platform,LSY,EB,1
PLAT:LSY:S18G3:WB,platform,LSY,WB,1
PLAT:LSY:J19A:EB,platform,LSY,EB,1
PLAT:LSY:J19A:WB,platform,LSY,WB,1
PLAT:LSY:J19B:EB,platform,LSY,EB,1
PLAT:LSY:J19B:WB,platform,LSY,WB,1
PLAT:LSY:S19C:EB,platform,LSY,EB,1
PLAT:LSY:S19C:WB,platform,LSY,WB,1
PLAT:LSY:S19D:EB,platform,LSY,EB,1
PLAT:LSY:S19D:WB,platform,LSY,WB,1
PLAT:LSY:S19G1:EB,platform,LSY,EB,1
PLAT:LSY:S19G1:WB,platform,LSY,WB,1
PLAT:LSY:S19G2:EB,platform,LSY,EB,1
PLAT:LSY:S19G2:WB,platform,LSY,WB,1
PLAT:LSY:S19G3:EB,platform,LSY,EB,1
PLAT:LSY:S19G3:WB,platform,LSY,WB,1
PLAT:LSY:J20A:EB,platform,LSY,EB,1
PLAT:LSY:J20A:WB,platform,LSY,WB,1
PLAT:LSY:J20B:EB,platform,LSY,EB,1
PLAT:LSY:J20B:WB,platform,LSY,WB,1
PLAT:LSY:S20C:EB,platform,LSY,EB,1
PLAT:LSY:S20C:WB,platform,LSY,WB,1
PLAT:LSY:S20D:EB,platform,LSY,EB,1
PLAT:LSY:S20D:WB,platform,LSY,WB,1
PLAT:LSY:S20G1:EB,platform,LSY,EB,1
PLAT:LSY:S20G1:WB,platform,LSY,WB,1
PLAT:LSY:S20G2:EB,platform,LSY,EB,1
PLAT:LSY:S20G2:WB,platform,LSY,WB,1
PLAT:LSY:S20G3:EB,platform,LSY,EB,1
PLAT:LSY:S20G3:WB,platform,LSY,WB,1
