activity_id,week,location_id,co_share_group
Z501,1,PLAT:L02:N007:EB,g1
Z501,1,PLAT:L02:N010:EB,g1
Z501,1,SEC:L02:N007_N010:EB,g1
Z501,2,PLAT:L02:N007:EB,g1
Z501,2,PLAT:L02:N010:EB,g1
Z501,2,SEC:L02:N007_N010:EB,g1
Z502,16,PLAT:L02:N005:WB,g1
Z502,16,PLAT:L02:N010:WB,g1
Z502,16,SEC:L02:N010_N005:WB,g1
Z503,1,PLAT:L01:N004:EB,g1
Z503,1,PLAT:L01:N009:EB,g1
Z503,1,SEC:L01:N004_N009:EB,g1
Z503,12,PLAT:L01:N004:EB,g1
Z503,12,PLAT:L01:N009:EB,g1
Z503,12,SEC:L01:N004_N009:EB,g1
Z504,2,PLAT:L01:N004:EB,g1
Z504,2,PLAT:L01:N009:EB,g1
Z504,2,SEC:L01:N004_N009:EB,g1
Z504,8,PLAT:L01:N004:EB,g1
Z504,8,PLAT:L01:N009:EB,g1
Z504,8,SEC:L01:N004_N009:EB,g1
Z505,1,PLAT:L01:N001:WB,g1
Z505,1,PLAT:L01:N009:WB,g1
Z505,1,SEC:L01:N009_N001:WB,g1
Z505,2,PLAT:L01:N001:WB,g1
Z505,2,PLAT:L01:N009:WB,g1
Z505,2,SEC:L01:N009_N001:WB,g1
Z506,3,PLAT:L01:N004:EB,g2
Z506,3,PLAT:L01:N009:EB,g2
Z506,3,SEC:L01:N004_N009:EB,g2
Z506,10,PLAT:L01:N004:EB,g1
Z506,10,PLAT:L01:N009:EB,g1
Z506,10,SEC:L01:N004_N009:EB,g1
Z507,1,PLAT:L02:N007:EB,g1
Z507,1,PLAT:L02:N010:EB,g1
Z507,1,SEC:L02:N007_N010:EB,g1
Z507,2,PLAT:L02:N007:EB,g1
Z507,2,PLAT:L02:N010:EB,g1
Z507,2,SEC:L02:N007_N010:EB,g1
Z508,1,PLAT:L02:N007:EB,g1
Z508,1,PLAT:L02:N010:EB,g1
Z508,1,SEC:L02:N007_N010:EB,g1
Z508,2,PLAT:L02:N007:EB,g1
Z508,2,PLAT:L02:N010:EB,g1
Z508,2,SEC:L02:N007_N010:EB,g1
Z509,3,PLAT:L02:N007:EB,g1
Z509,3,PLAT:L02:N010:EB,g1
Z509,3,SEC:L02:N007_N010:EB,g1
Z509,5,PLAT:L02:N007:EB,g1
Z509,5,PLAT:L02:N010:EB,g1
Z509,5,SEC:L02:N007_N010:EB,g1
Z510,1,PLAT:L01:N001:WB,g1
Z510,1,PLAT:L01:N009:WB,g1
Z510,1,SEC:L01:N009_N001:WB,g1
Z510,2,PLAT:L01:N001:WB,g1
Z510,2,PLAT:L01:N009:WB,g1
Z510,2,SEC:L01:N009_N001:WB,g1
Z511,1,PLAT:L02:N005:WB,g1
Z511,1,PLAT:L02:N010:WB,g1
Z511,1,SEC:L02:N010_N005:WB,g1
Z511,2,PLAT:L02:N005:WB,g1
Z511,2,PLAT:L02:N010:WB,g1
Z511,2,SEC:L02:N010_N005:WB,g1
Z512,3,PLAT:L02:N007:EB,g1
Z512,3,PLAT:L02:N010:EB,g1
Z512,3,SEC:L02:N007_N010:EB,g1
Z512,4,PLAT:L02:N007:EB,g1
Z512,4,PLAT:L02:N010:EB,g1
Z512,4,SEC:L02:N007_N010:EB,g1
Z513,1,PLAT:L02:N005:WB,g1
Z513,1,PLAT:L02:N010:WB,g1
Z513,1,SEC:L02:N010_N005:WB,g1
Z513,2,PLAT:L02:N005:WB,g1
Z513,2,PLAT:L02:N010:WB,g1
Z513,2,SEC:L02:N010_N005:WB,g1
Z514,1,PLAT:L02:N007:EB,g1
Z514,1,PLAT:L02:N010:EB,g1
Z514,1,SEC:L02:N007_N010:EB,g1
Z514,2,PLAT:L02:N007:EB,g1
Z514,2,PLAT:L02:N010:EB,g1
Z514,2,SEC:L02:N007_N010:EB,g1
Z515,1,PLAT:L02:N005:WB,g1
Z515,1,PLAT:L02:N010:WB,g1
Z515,1,SEC:L02:N010_N005:WB,g1
Z515,2,PLAT:L02:N005:WB,g1
Z515,2,PLAT:L02:N010:WB,g1
Z515,2,SEC:L02:N010_N005:WB,g1
Z516,3,PLAT:L02:N007:EB,g1
Z516,3,PLAT:L02:N010:EB,g1
Z516,3,SEC:L02:N007_N010:EB,g1
Z516,7,PLAT:L02:N007:EB,g1
Z516,7,PLAT:L02:N010:EB,g1
Z516,7,SEC:L02:N007_N010:EB,g1
Z517,1,PLAT:L01:N001:WB,g1
Z517,1,PLAT:L01:N009:WB,g1
Z517,1,SEC:L01:N009_N001:WB,g1
Z517,2,PLAT:L01:N001:WB,g1
Z517,2,PLAT:L01:N009:WB,g1
Z517,2,SEC:L01:N009_N001:WB,g1
Z518,18,PLAT:L01:N004:EB,g1
Z518,18,PLAT:L01:N009:EB,g1
Z518,18,SEC:L01:N004_N009:EB,g1
Z519,3,PLAT:L01:N001:WB,g1
Z519,3,PLAT:L01:N009:WB,g1
Z519,3,SEC:L01:N009_N001:WB,g1
Z519,4,PLAT:L01:N001:WB,g1
Z519,4,PLAT:L01:N009:WB,g1
Z519,4,SEC:L01:N009_N001:WB,g1
Z520,3,PLAT:L02:N005:WB,g1
Z520,3,PLAT:L02:N010:WB,g1
Z520,3,SEC:L02:N010_N005:WB,g1
Z520,4,PLAT:L02:N005:WB,g1
Z520,4,PLAT:L02:N010:WB,g1
Z520,4,SEC:L02:N010_N005:WB,g1
Z521,3,PLAT:L01:N001:WB,g1
Z521,3,PLAT:L01:N009:WB,g1
Z521,3,SEC:L01:N009_N001:WB,g1
Z521,4,PLAT:L01:N001:WB,g1
Z521,4,PLAT:L01:N009:WB,g1
Z521,4,SEC:L01:N009_N001:WB,g1
Z522,4,PLAT:L02:N007:EB,g1
Z522,4,PLAT:L02:N010:EB,g1
Z522,4,SEC:L02:N007_N010:EB,g1
Z522,6,PLAT:L02:N007:EB,g1
Z522,6,PLAT:L02:N010:EB,g1
Z522,6,SEC:L02:N007_N010:EB,g1
Z523,3,PLAT:L02:N005:WB,g1
Z523,3,PLAT:L02:N010:WB,g1
Z523,3,SEC:L02:N010_N005:WB,g1
Z523,12,PLAT:L02:N005:WB,g1
Z523,12,PLAT:L02:N010:WB,g1
Z523,12,SEC:L02:N010_N005:WB,g1
Z524,4,PLAT:L02:N007:EB,g1
Z524,4,PLAT:L02:N010:EB,g1
Z524,4,SEC:L02:N007_N010:EB,g1
Z524,6,PLAT:L02:N007:EB,g1
Z524,6,PLAT:L02:N010:EB,g1
Z524,6,SEC:L02:N007_N010:EB,g1
Z525,3,PLAT:L01:N001:WB,g1
Z525,3,PLAT:L01:N009:WB,g1
Z525,3,SEC:L01:N009_N001:WB,g1
Z525,4,PLAT:L01:N001:WB,g1
Z525,4,PLAT:L01:N009:WB,g1
Z525,4,SEC:L01:N009_N001:WB,g1
Z526,3,PLAT:L01:N004:EB,g1
Z526,3,PLAT:L01:N009:EB,g2
Z526,3,SEC:L01:N004_N009:EB,g2
Z526,6,PLAT:L01:N004:EB,g1
Z526,6,PLAT:L01:N009:EB,g1
Z526,6,SEC:L01:N004_N009:EB,g1
Z527,5,PLAT:L01:N001:WB,g1
Z527,5,PLAT:L01:N009:WB,g1
Z527,5,SEC:L01:N009_N001:WB,g1
Z527,6,PLAT:L01:N001:WB,g1
Z527,6,PLAT:L01:N009:WB,g1
Z527,6,SEC:L01:N009_N001:WB,g1
Z528,5,PLAT:L02:N007:EB,g1
Z528,5,PLAT:L02:N010:EB,g1
Z528,5,SEC:L02:N007_N010:EB,g1
Z528,7,PLAT:L02:N007:EB,g1
Z528,7,PLAT:L02:N010:EB,g1
Z528,7,SEC:L02:N007_N010:EB,g1
Z529,3,PLAT:L01:N004:EB,g2
Z529,3,PLAT:L01:N009:EB,g2
Z529,3,SEC:L01:N004_N009:EB,g2
Z529,11,PLAT:L01:N004:EB,g1
Z529,11,PLAT:L01:N009:EB,g1
Z529,11,SEC:L01:N004_N009:EB,g1
Z530,1,PLAT:L02:N005:WB,g1
Z530,1,PLAT:L02:N010:WB,g1
Z530,1,SEC:L02:N010_N005:WB,g1
Z530,2,PLAT:L02:N005:WB,g1
Z530,2,PLAT:L02:N010:WB,g1
Z530,2,SEC:L02:N010_N005:WB,g1
Z531,5,PLAT:L01:N001:WB,g1
Z531,5,PLAT:L01:N009:WB,g1
Z531,5,SEC:L01:N009_N001:WB,g1
Z531,6,PLAT:L01:N001:WB,g1
Z531,6,PLAT:L01:N009:WB,g1
Z531,6,SEC:L01:N009_N001:WB,g1
Z532,1,PLAT:L01:N004:EB,g1
Z532,1,PLAT:L01:N009:EB,g1
Z532,1,SEC:L01:N004_N009:EB,g1
Z532,4,PLAT:L01:N004:EB,g1
Z532,4,PLAT:L01:N009:EB,g1
Z532,4,SEC:L01:N004_N009:EB,g1
Z533,17,PLAT:L01:N003:EB,g1
Z533,17,PLAT:L01:N008:EB,g1
Z533,17,SEC:L01:N003_N008:EB,g1
Z534,5,PLAT:L02:N007:EB,g1
Z534,5,PLAT:L02:N010:EB,g1
Z534,5,SEC:L02:N007_N010:EB,g1
Z534,8,PLAT:L02:N007:EB,g1
Z534,8,PLAT:L02:N010:EB,g1
Z534,8,SEC:L02:N007_N010:EB,g1
Z535,3,PLAT:L02:N005:WB,g1
Z535,3,PLAT:L02:N010:WB,g1
Z535,3,SEC:L02:N010_N005:WB,g1
Z535,4,PLAT:L02:N005:WB,g1
Z535,4,PLAT:L02:N010:WB,g1
Z535,4,SEC:L02:N010_N005:WB,g1
Z536,6,PLAT:L02:N007:EB,g1
Z536,6,PLAT:L02:N010:EB,g1
Z536,6,SEC:L02:N007_N010:EB,g1
Z536,8,PLAT:L02:N007:EB,g1
Z536,8,PLAT:L02:N010:EB,g1
Z536,8,SEC:L02:N007_N010:EB,g1
Z537,1,PLAT:L01:N001:WB,g1
Z537,1,PLAT:L01:N009:WB,g1
Z537,1,SEC:L01:N009_N001:WB,g1
Z537,2,PLAT:L01:N001:WB,g1
Z537,2,PLAT:L01:N009:WB,g1
Z537,2,SEC:L01:N009_N001:WB,g1
Z538,2,PLAT:L01:N004:EB,g1
Z538,2,PLAT:L01:N009:EB,g1
Z538,2,SEC:L01:N004_N009:EB,g1
Z538,11,PLAT:L01:N004:EB,g1
Z538,11,PLAT:L01:N009:EB,g1
Z538,11,SEC:L01:N004_N009:EB,g1
Z539,3,PLAT:L01:N004:EB,g2
Z539,3,PLAT:L01:N009:EB,g1
Z539,3,SEC:L01:N004_N009:EB,g1
Z539,6,PLAT:L01:N004:EB,g1
Z539,6,PLAT:L01:N009:EB,g1
Z539,6,SEC:L01:N004_N009:EB,g1
Z540,5,PLAT:L02:N005:WB,g1
Z540,5,PLAT:L02:N010:WB,g1
Z540,5,SEC:L02:N010_N005:WB,g1
Z540,6,PLAT:L02:N005:WB,g1
Z540,6,PLAT:L02:N010:WB,g1
Z540,6,SEC:L02:N010_N005:WB,g1
Z541,5,PLAT:L02:N005:WB,g1
Z541,5,PLAT:L02:N010:WB,g1
Z541,5,SEC:L02:N010_N005:WB,g1
Z541,6,PLAT:L02:N005:WB,g1
Z541,6,PLAT:L02:N010:WB,g1
Z541,6,SEC:L02:N010_N005:WB,g1
Z542,5,PLAT:L02:N005:WB,g1
Z542,5,PLAT:L02:N010:WB,g1
Z542,5,SEC:L02:N010_N005:WB,g1
Z542,6,PLAT:L02:N005:WB,g1
Z542,6,PLAT:L02:N010:WB,g1
Z542,6,SEC:L02:N010_N005:WB,g1
Z543,3,PLAT:L01:N004:EB,g1
Z543,3,PLAT:L01:N009:EB,g1
Z543,3,SEC:L01:N004_N009:EB,g2
Z543,6,PLAT:L01:N004:EB,g1
Z543,6,PLAT:L01:N009:EB,g1
Z543,6,SEC:L01:N004_N009:EB,g1
Z544,7,PLAT:L02:N005:WB,g1
Z544,7,PLAT:L02:N010:WB,g1
Z544,7,SEC:L02:N010_N005:WB,g1
Z544,8,PLAT:L02:N005:WB,g1
Z544,8,PLAT:L02:N010:WB,g1
Z544,8,SEC:L02:N010_N005:WB,g1
Z545,7,PLAT:L02:N007:EB,g1
Z545,7,PLAT:L02:N010:EB,g1
Z545,7,SEC:L02:N007_N010:EB,g1
Z545,8,PLAT:L02:N007:EB,g1
Z545,8,PLAT:L02:N010:EB,g1
Z545,8,SEC:L02:N007_N010:EB,g1
Z546,3,PLAT:L02:N005:WB,g1
Z546,3,PLAT:L02:N010:WB,g1
Z546,3,SEC:L02:N010_N005:WB,g1
Z546,4,PLAT:L02:N005:WB,g1
Z546,4,PLAT:L02:N010:WB,g1
Z546,4,SEC:L02:N010_N005:WB,g1
Z547,7,PLAT:L02:N005:WB,g1
Z547,7,PLAT:L02:N010:WB,g1
Z547,7,SEC:L02:N010_N005:WB,g1
Z547,8,PLAT:L02:N005:WB,g1
Z547,8,PLAT:L02:N010:WB,g1
Z547,8,SEC:L02:N010_N005:WB,g1
Z548,3,PLAT:L02:N007:EB,g1
Z548,3,PLAT:L02:N010:EB,g1
Z548,3,SEC:L02:N007_N010:EB,g1
Z548,4,PLAT:L02:N007:EB,g1
Z548,4,PLAT:L02:N010:EB,g1
Z548,4,SEC:L02:N007_N010:EB,g1
Z549,1,PLAT:L01:N004:EB,g1
Z549,1,PLAT:L01:N009:EB,g1
Z549,1,SEC:L01:N004_N009:EB,g1
Z550,5,PLAT:L01:N001:WB,g1
Z550,5,PLAT:L01:N009:WB,g1
Z550,5,SEC:L01:N009_N001:WB,g1
Z550,6,PLAT:L01:N001:WB,g1
Z550,6,PLAT:L01:N009:WB,g1
Z550,6,SEC:L01:N009_N001:WB,g1
Z551,7,PLAT:L02:N005:WB,g1
Z551,7,PLAT:L02:N010:WB,g1
Z551,7,SEC:L02:N010_N005:WB,g1
Z551,8,PLAT:L02:N005:WB,g1
Z551,8,PLAT:L02:N010:WB,g1
Z551,8,SEC:L02:N010_N005:WB,g1
Z552,3,PLAT:L01:N004:EB,g1
Z552,3,PLAT:L01:N009:EB,g1
Z552,3,SEC:L01:N004_N009:EB,g1
Z552,8,PLAT:L01:N004:EB,g1
Z552,8,PLAT:L01:N009:EB,g1
Z552,8,SEC:L01:N004_N009:EB,g1
Z553,5,PLAT:L02:N007:EB,g1
Z553,5,PLAT:L02:N010:EB,g1
Z553,5,SEC:L02:N007_N010:EB,g1
Z553,7,PLAT:L02:N007:EB,g1
Z553,7,PLAT:L02:N010:EB,g1
Z553,7,SEC:L02:N007_N010:EB,g1
Z554,9,PLAT:L02:N005:WB,g1
Z554,9,PLAT:L02:N010:WB,g1
Z554,9,SEC:L02:N010_N005:WB,g1
Z554,10,PLAT:L02:N005:WB,g1
Z554,10,PLAT:L02:N010:WB,g1
Z554,10,SEC:L02:N010_N005:WB,g1
Z555,3,PLAT:L01:N001:WB,g1
Z555,3,PLAT:L01:N009:WB,g1
Z555,3,SEC:L01:N009_N001:WB,g1
Z555,4,PLAT:L01:N001:WB,g1
Z555,4,PLAT:L01:N009:WB,g1
Z555,4,SEC:L01:N009_N001:WB,g1
Z556,5,PLAT:L01:N004:EB,g1
Z556,5,PLAT:L01:N009:EB,g1
Z556,5,SEC:L01:N004_N009:EB,g1
Z556,12,PLAT:L01:N004:EB,g1
Z556,12,PLAT:L01:N009:EB,g1
Z556,12,SEC:L01:N004_N009:EB,g1
Z557,9,PLAT:L02:N005:WB,g1
Z557,9,PLAT:L02:N010:WB,g1
Z557,9,SEC:L02:N010_N005:WB,g1
Z557,10,PLAT:L02:N005:WB,g1
Z557,10,PLAT:L02:N010:WB,g1
Z557,10,SEC:L02:N010_N005:WB,g1
Z558,9,PLAT:L02:N005:WB,g1
Z558,9,PLAT:L02:N010:WB,g1
Z558,9,SEC:L02:N010_N005:WB,g1
Z558,10,PLAT:L02:N005:WB,g1
Z558,10,PLAT:L02:N010:WB,g1
Z558,10,SEC:L02:N010_N005:WB,g1
Z559,7,PLAT:L01:N001:WB,g1
Z559,7,PLAT:L01:N009:WB,g1
Z559,7,SEC:L01:N009_N001:WB,g1
Z559,8,PLAT:L01:N001:WB,g1
Z559,8,PLAT:L01:N009:WB,g1
Z559,8,SEC:L01:N009_N001:WB,g1
Z560,9,PLAT:L02:N007:EB,g1
Z560,9,PLAT:L02:N010:EB,g1
Z560,9,SEC:L02:N007_N010:EB,g1
Z560,10,PLAT:L02:N007:EB,g1
Z560,10,PLAT:L02:N010:EB,g1
Z560,10,SEC:L02:N007_N010:EB,g1
Z561,7,PLAT:L01:N004:EB,g1
Z561,7,PLAT:L01:N009:EB,g1
Z561,7,SEC:L01:N004_N009:EB,g1
Z561,9,PLAT:L01:N004:EB,g1
Z561,9,PLAT:L01:N009:EB,g1
Z561,9,SEC:L01:N004_N009:EB,g1
Z562,5,PLAT:L02:N005:WB,g1
Z562,5,PLAT:L02:N010:WB,g1
Z562,5,SEC:L02:N010_N005:WB,g1
Z562,6,PLAT:L02:N005:WB,g1
Z562,6,PLAT:L02:N010:WB,g1
Z562,6,SEC:L02:N010_N005:WB,g1
Z563,4,PLAT:L01:N004:EB,g1
Z563,4,PLAT:L01:N009:EB,g1
Z563,4,SEC:L01:N004_N009:EB,g1
Z563,5,PLAT:L01:N004:EB,g1
Z563,5,PLAT:L01:N009:EB,g1
Z563,5,SEC:L01:N004_N009:EB,g1
Z564,7,PLAT:L01:N001:WB,g1
Z564,7,PLAT:L01:N009:WB,g1
Z564,7,SEC:L01:N009_N001:WB,g1
Z564,8,PLAT:L01:N001:WB,g1
Z564,8,PLAT:L01:N009:WB,g1
Z564,8,SEC:L01:N009_N001:WB,g1
Z565,1,PLAT:L01:N004:EB,g1
Z565,1,PLAT:L01:N009:EB,g1
Z565,1,SEC:L01:N004_N009:EB,g1
Z565,2,PLAT:L01:N004:EB,g1
Z565,2,PLAT:L01:N009:EB,g1
Z565,2,SEC:L01:N004_N009:EB,g1
Z566,7,PLAT:L02:N005:WB,g1
Z566,7,PLAT:L02:N010:WB,g1
Z566,7,SEC:L02:N010_N005:WB,g1
Z566,8,PLAT:L02:N005:WB,g1
Z566,8,PLAT:L02:N010:WB,g1
Z566,8,SEC:L02:N010_N005:WB,g1
Z567,7,PLAT:L01:N001:WB,g1
Z567,7,PLAT:L01:N009:WB,g1
Z567,7,SEC:L01:N009_N001:WB,g1
Z567,8,PLAT:L01:N001:WB,g1
Z567,8,PLAT:L01:N009:WB,g1
Z567,8,SEC:L01:N009_N001:WB,g1
Z568,9,PLAT:L02:N007:EB,g1
Z568,9,PLAT:L02:N010:EB,g1
Z568,9,SEC:L02:N007_N010:EB,g1
Z568,10,PLAT:L02:N007:EB,g1
Z568,10,PLAT:L02:N010:EB,g1
Z568,10,SEC:L02:N007_N010:EB,g1
Z569,9,PLAT:L01:N001:WB,g1
Z569,9,PLAT:L01:N009:WB,g1
Z569,9,SEC:L01:N009_N001:WB,g1
Z569,10,PLAT:L01:N001:WB,g1
Z569,10,PLAT:L01:N009:WB,g1
Z569,10,SEC:L01:N009_N001:WB,g1
Z570,16,PLAT:L01:N001:EB,g1
Z570,16,PLAT:L01:N004:EB,g1
Z570,16,PLAT:L01:N009:EB,g1
Z570,16,SEC:L01:N004_N009:EB,g1
Z570,16,SEC:L01:N009_N001:EB,g1
Z571,5,PLAT:L01:N001:WB,g1
Z571,5,PLAT:L01:N009:WB,g1
Z571,5,SEC:L01:N009_N001:WB,g1
Z571,6,PLAT:L01:N001:WB,g1
Z571,6,PLAT:L01:N009:WB,g1
Z571,6,SEC:L01:N009_N001:WB,g1
Z572,3,PLAT:L01:N004:EB,g2
Z572,3,PLAT:L01:N009:EB,g1
Z572,3,SEC:L01:N004_N009:EB,g1
Z572,9,PLAT:L01:N004:EB,g1
Z572,9,PLAT:L01:N009:EB,g1
Z572,9,SEC:L01:N004_N009:EB,g1
Z572,10,PLAT:L01:N004:EB,g1
Z572,10,PLAT:L01:N009:EB,g1
Z572,10,SEC:L01:N004_N009:EB,g1
Z573,13,PLAT:L02:N003:EB,g1
Z573,13,PLAT:L02:N008:EB,g1
Z573,13,SEC:L02:N003_N008:EB,g1
Z574,10,PLAT:L02:N005:WB,g1
Z574,10,PLAT:L02:N010:WB,g1
Z574,10,SEC:L02:N010_N005:WB,g1
Z574,14,PLAT:L02:N005:WB,g1
Z574,14,PLAT:L02:N010:WB,g1
Z574,14,SEC:L02:N010_N005:WB,g1
Z575,3,PLAT:L01:N004:EB,g1
Z575,3,PLAT:L01:N009:EB,g2
Z575,3,SEC:L01:N004_N009:EB,g1
Z575,10,PLAT:L01:N004:EB,g1
Z575,10,PLAT:L01:N009:EB,g1
Z575,10,SEC:L01:N004_N009:EB,g1
Z576,11,PLAT:L02:N005:WB,g1
Z576,11,PLAT:L02:N010:WB,g1
Z576,11,SEC:L02:N010_N005:WB,g1
Z576,12,PLAT:L02:N005:WB,g1
Z576,12,PLAT:L02:N010:WB,g1
Z576,12,SEC:L02:N010_N005:WB,g1
Z577,9,PLAT:L01:N001:WB,g1
Z577,9,PLAT:L01:N009:WB,g1
Z577,9,SEC:L01:N009_N001:WB,g1
Z577,10,PLAT:L01:N001:WB,g1
Z577,10,PLAT:L01:N009:WB,g1
Z577,10,SEC:L01:N009_N001:WB,g1
Z578,4,PLAT:L01:N004:EB,g1
Z578,4,PLAT:L01:N009:EB,g1
Z578,4,SEC:L01:N004_N009:EB,g1
Z578,5,PLAT:L01:N004:EB,g1
Z578,5,PLAT:L01:N009:EB,g1
Z578,5,SEC:L01:N004_N009:EB,g1
Z579,11,PLAT:L02:N005:WB,g1
Z579,11,PLAT:L02:N010:WB,g1
Z579,11,SEC:L02:N010_N005:WB,g1
Z579,13,PLAT:L02:N005:WB,g1
Z579,13,PLAT:L02:N010:WB,g1
Z579,13,SEC:L02:N010_N005:WB,g1
Z580,6,PLAT:L02:N007:EB,g1
Z580,6,PLAT:L02:N010:EB,g1
Z580,6,SEC:L02:N007_N010:EB,g1
Z580,8,PLAT:L02:N007:EB,g1
Z580,8,PLAT:L02:N010:EB,g1
Z580,8,SEC:L02:N007_N010:EB,g1
Z581,9,PLAT:L01:N001:WB,g1
Z581,9,PLAT:L01:N009:WB,g1
Z581,9,SEC:L01:N009_N001:WB,g1
Z581,14,PLAT:L01:N001:WB,g1
Z581,14,PLAT:L01:N009:WB,g1
Z581,14,SEC:L01:N009_N001:WB,g1
Z582,4,PLAT:L01:N004:EB,g1
Z582,4,PLAT:L01:N009:EB,g1
Z582,4,SEC:L01:N004_N009:EB,g1
Z582,5,PLAT:L01:N004:EB,g1
Z582,5,PLAT:L01:N009:EB,g1
Z582,5,SEC:L01:N004_N009:EB,g1
Z583,11,PLAT:L01:N001:WB,g1
Z583,11,PLAT:L01:N009:WB,g1
Z583,11,SEC:L01:N009_N001:WB,g1
Z583,12,PLAT:L01:N001:WB,g1
Z583,12,PLAT:L01:N009:WB,g1
Z583,12,SEC:L01:N009_N001:WB,g1
Z584,9,PLAT:L02:N007:EB,g1
Z584,9,PLAT:L02:N010:EB,g1
Z584,9,SEC:L02:N007_N010:EB,g1
Z584,10,PLAT:L02:N007:EB,g1
Z584,10,PLAT:L02:N010:EB,g1
Z584,10,SEC:L02:N007_N010:EB,g1
Z585,9,PLAT:L02:N007:EB,g1
Z585,9,PLAT:L02:N010:EB,g1
Z585,9,SEC:L02:N007_N010:EB,g1
Z585,10,PLAT:L02:N007:EB,g1
Z585,10,PLAT:L02:N010:EB,g1
Z585,10,SEC:L02:N007_N010:EB,g1
Z586,7,PLAT:L01:N001:WB,g1
Z586,7,PLAT:L01:N009:WB,g1
Z586,7,SEC:L01:N009_N001:WB,g1
Z586,8,PLAT:L01:N001:WB,g1
Z586,8,PLAT:L01:N009:WB,g1
Z586,8,SEC:L01:N009_N001:WB,g1
Z587,7,PLAT:L01:N004:EB,g1
Z587,7,PLAT:L01:N009:EB,g1
Z587,7,SEC:L01:N004_N009:EB,g1
Z587,9,PLAT:L01:N004:EB,g1
Z587,9,PLAT:L01:N009:EB,g1
Z587,9,SEC:L01:N004_N009:EB,g1
Z588,11,PLAT:L02:N007:EB,g1
Z588,11,PLAT:L02:N010:EB,g1
Z588,11,SEC:L02:N007_N010:EB,g1
Z588,12,PLAT:L02:N007:EB,g1
Z588,12,PLAT:L02:N010:EB,g1
Z588,12,SEC:L02:N007_N010:EB,g1
Z589,15,PLAT:L01:N001:WB,g1
Z589,15,PLAT:L01:N009:WB,g1
Z589,15,SEC:L01:N009_N001:WB,g1
Z590,9,PLAT:L01:N001:WB,g1
Z590,9,PLAT:L01:N009:WB,g1
Z590,9,SEC:L01:N009_N001:WB,g1
Z590,10,PLAT:L01:N001:WB,g1
Z590,10,PLAT:L01:N009:WB,g1
Z590,10,SEC:L01:N009_N001:WB,g1
Z591,18,PLAT:L02:N005:EB,g1
Z591,18,PLAT:L02:N007:EB,g1
Z591,18,PLAT:L02:N010:EB,g1
Z591,18,SEC:L02:N007_N010:EB,g1
Z591,18,SEC:L02:N010_N005:EB,g1
Z592,16,PLAT:L02:N007:EB,g1
Z592,16,PLAT:L02:N010:EB,g1
Z592,16,SEC:L02:N007_N010:EB,g1
Z593,11,PLAT:L02:N007:EB,g1
Z593,11,PLAT:L02:N010:EB,g1
Z593,11,SEC:L02:N007_N010:EB,g1
Z593,12,PLAT:L02:N007:EB,g1
Z593,12,PLAT:L02:N010:EB,g1
Z593,12,SEC:L02:N007_N010:EB,g1
Z594,6,PLAT:L01:N004:EB,g1
Z594,6,PLAT:L01:N009:EB,g1
Z594,6,SEC:L01:N004_N009:EB,g1
Z594,7,PLAT:L01:N004:EB,g1
Z594,7,PLAT:L01:N009:EB,g1
Z594,7,SEC:L01:N004_N009:EB,g1
Z595,14,PLAT:L02:N007:EB,g1
Z595,14,PLAT:L02:N010:EB,g1
Z595,14,SEC:L02:N007_N010:EB,g1
Z596,11,PLAT:L02:N007:EB,g1
Z596,11,PLAT:L02:N010:EB,g1
Z596,11,SEC:L02:N007_N010:EB,g1
Z596,12,PLAT:L02:N007:EB,g1
Z596,12,PLAT:L02:N010:EB,g1
Z596,12,SEC:L02:N007_N010:EB,g1
Z597,7,PLAT:L01:N004:EB,g1
Z597,7,PLAT:L01:N009:EB,g1
Z597,7,SEC:L01:N004_N009:EB,g1
Z597,9,PLAT:L01:N004:EB,g1
Z597,9,PLAT:L01:N009:EB,g1
Z597,9,SEC:L01:N004_N009:EB,g1
Z598,11,PLAT:L01:N004:EB,g1
Z598,11,PLAT:L01:N009:EB,g1
Z598,11,SEC:L01:N004_N009:EB,g1
Z598,12,PLAT:L01:N004:EB,g1
Z598,12,PLAT:L01:N009:EB,g1
Z598,12,SEC:L01:N004_N009:EB,g1
Z599,8,PLAT:L01:N004:EB,g1
Z599,8,PLAT:L01:N009:EB,g1
Z599,8,SEC:L01:N004_N009:EB,g1
Z599,10,PLAT:L01:N004:EB,g1
Z599,10,PLAT:L01:N009:EB,g1
Z599,10,SEC:L01:N004_N009:EB,g1
Z600,11,PLAT:L02:N007:EB,g1
Z600,11,PLAT:L02:N010:EB,g1
Z600,11,SEC:L02:N007_N010:EB,g1
Z600,12,PLAT:L02:N007:EB,g1
Z600,12,PLAT:L02:N010:EB,g1
Z600,12,SEC:L02:N007_N010:EB,g1
Z601,11,PLAT:L01:N001:WB,g1
Z601,11,PLAT:L01:N009:WB,g1
Z601,11,SEC:L01:N009_N001:WB,g1
Z601,12,PLAT:L01:N001:WB,g1
Z601,12,PLAT:L01:N009:WB,g1
Z601,12,SEC:L01:N009_N001:WB,g1
Z602,11,PLAT:L01:N001:WB,g1
Z602,11,PLAT:L01:N009:WB,g1
Z602,11,SEC:L01:N009_N001:WB,g1
Z602,12,PLAT:L01:N001:WB,g1
Z602,12,PLAT:L01:N009:WB,g1
Z602,12,SEC:L01:N009_N001:WB,g1
Z603,11,PLAT:L02:N005:WB,g1
Z603,11,PLAT:L02:N010:WB,g1
Z603,11,SEC:L02:N010_N005:WB,g1
Z603,12,PLAT:L02:N005:WB,g1
Z603,12,PLAT:L02:N010:WB,g1
Z603,12,SEC:L02:N010_N005:WB,g1
Z604,11,PLAT:L02:N005:WB,g1
Z604,11,PLAT:L02:N010:WB,g1
Z604,11,SEC:L02:N010_N005:WB,g1
Z604,13,PLAT:L02:N005:WB,g1
Z604,13,PLAT:L02:N010:WB,g1
Z604,13,SEC:L02:N010_N005:WB,g1
Z605,8,PLAT:L01:N004:EB,g1
Z605,8,PLAT:L01:N009:EB,g1
Z605,8,SEC:L01:N004_N009:EB,g1
Z605,11,PLAT:L01:N004:EB,g1
Z605,11,PLAT:L01:N009:EB,g1
Z605,11,SEC:L01:N004_N009:EB,g1
Z605,12,PLAT:L01:N004:EB,g1
Z605,12,PLAT:L01:N009:EB,g1
Z605,12,SEC:L01:N004_N009:EB,g1
Z606,11,PLAT:L01:N001:WB,g1
Z606,11,PLAT:L01:N009:WB,g1
Z606,11,SEC:L01:N009_N001:WB,g1
Z606,12,PLAT:L01:N001:WB,g1
Z606,12,PLAT:L01:N009:WB,g1
Z606,12,SEC:L01:N009_N001:WB,g1
